"1","2012001","GURU"
"2","2013001","PEGAWAI PADA LABORATORIUM MAKANAN HALAL"
"3","2014001","PEGAWAI PENSTATA NIKAH"
"4","3001001","CPNS"
"5","4001001","LAYANAN BIMBINGAN ADMINISTRASI"
"8","4001004","KASUBSI PEREK & PRODUKSI"
"14","4002001","GURU DEWASA TK I"
"16","4004001","KEPALA UPTD TK DAN SD KECAMATAN MAJALAYA"
"17","4004002","AHLI JARINGAN KOMPUTER"
"18","4004003","AHLI PETERNAKAN"
"19","4005001","pengolah/penganalisis tahbang"
"20","4007001","ANDALAN SIARAN"
"21","4009001","ARSITEK"
"22","4010001","ASISTEN AKUNTAN"
"23","4010002","ASISTEN NAUTIKA"
"24","4010003","ASISTEN OPERATOR"
"25","4010004","ASISTEN PRAMU DATA"
"26","4010005","Petugas Penyuluh Perindutrian"
"27","4010006","ASISTEN SURVEYOR GPS"
"28","4010007","GURU MUDA TK I"
"29","4010008","ASISTEN SURVEYOR PENELITIAN"
"30","4010009","ASISTEN TEKNISI LABORATORIUM"
"31","4010010","JAFUNGDA"
"32","4010011","ASISTEN DOSEN PRAKTIKUM"
"33","4012001","BENDAHARAWAN BARANG"
"34","4012002","BENDAHARAWAN BIAYA PERKARA"
"35","4012003","BENDAHARAWAN DIKS"
"36","4012004","BENDAHARAWAN GAJI"
"37","4012005","BENDAHARAWAN KHUSUS PENERIMAAN"
"38","4012006","BENDAHARAWAN PENTOR SOR"
"39","4012007","BENDAHARAWAN PROYEK"
"40","4012008","PELAKSANA"
"41","4012009","BENDAHARAWAN PUMC SMU NEGERI"
"42","4012010","BENDAHARAWAN PUMC SWASTA"
"43","4012011","BENDAHARAWAN PUMC TK/SD"
"44","4012012","BENDAHARAWAN RUTIN"
"45","4012013","BENDAHARAWAN SD"
"46","4012014","BENDAHARAWAN SOR"
"47","4012015","BENDAHARAWAN"
"48","4013001","CARAKA"
"49","4014001","CONSELOR PENASEHAT BANTUAN HUKUM"
"50","4014002","CONSELOR PENASEHAT BIBINGAN MASYARAKAT"
"51","4014003","CONSELOR PENASEHAT GIZI"
"52","4014004","CONSELOR PENASEHAT JASA KONSTRUKSI"
"53","4014005","CONSELOR PENASEHAT KEARSIPAN DAN DOKUMENTASI"
"54","4014006","CONSELOR PENASEHAT KEROHANIAN"
"55","4014007","GURU KELAS/GURU MUDA"
"56","4014008","CONSELOR PENASEHAT KOPERASI"
"57","4014009","CONSELOR PENASEHAT PEMANFAATAN SARANA DAN PRASARANA PENGAIRAN"
"58","4014010","CONSELOR PENASEHAT PENGAMANAN DAN PENANGGULANGAN"
"59","4014011","CONSELOR PENASEHAT PERATURAN DAN PERUNDANG-UNDANGAN"
"60","4014012","CONSELOR PENASEHAT PERPUSTAKAAN"
"61","4014013","CONSELOR PENASEHAT PERUMAHAN DAN PRASARANA LINGKUNGAN"
"62","4014014","CONSELOR PENASEHAT PETUGASAN PEMBANGUNAN KOTA DAN DESA"
"63","4014015","CONSELOR PENASEHAT SWADAYA MASYARAKAT"
"64","4014016","CONSELOR PENASEHAT TRANTIB"
"65","4014017","KONSELOR REMAJA"
"66","4015001","CREW CHEKING"
"67","4015002","CREW RESCUE BOAT"
"68","4016001","DESAIN FUMIGATOR"
"69","4016002","DESAIN PAMERAN"
"70","4016003","DESAINER"
"71","4016004","DESAIN KOMPUTER"
"72","4017001","DIPLOMAT"
"73","4018001","EDITOR"
"74","4018002","EDITOR AUDIO VISUAL DAN BERITA"
"75","4018003","EDITOR RISALAH"
"76","4020001","EKSPEDITUR"
"77","4021001","ENUMERATOR"
"78","4022001","EVALUATOR"
"79","4022002","EVALUATOR REAKTOR DAYA"
"80","4022003","EVALUATOR REAKTOR NON DAYA"
"81","4023001","HAKIM"
"82","4024001","IKATAN DINAS AIM (DEP. HUKUM DAN HAM)"
"83","4024002","IKATAN DINAS AKIP (DEP. HUKUM DAN HAM)"
"84","4024003","IKATAN DINAS PRAJA STPDN"
"85","4024004","IKATAN DINAS STIS (BPS)"
"86","4024005","IKATAN DINAS STSN (LSN)"
"87","4025001","INSPEKTUR KETENAGALISTRIKAN"
"88","4025002","INSPEKTUR MINYAK DAN GAS BUMI"
"89","4025003","INSPEKTUR TAMBANG"
"90","4026001","INSTRUKTUR"
"91","4026002","INSTRUKTUR BAHASA/TATA NIAGA"
"92","4026003","INSTRUKTUR BANGUNAN"
"93","4026004","INSTRUKTUR LATIHAN KERJA"
"94","4026005","INSTRUKTUR LISTRIK"
"95","4026006","INSTRUKTUR LOGAM"
"96","4026007","INSTRUKTUR OTOMOTIF"
"97","4026008","INSTRUKTUR PENERBANGAN"
"98","4026009","INSTRUKTUR PERTANIAN"
"99","4026010","INSTRUKTUR TEKNOLOGI INFORMATIKA"
"100","4026011","INSTRUKTUR PRAKTIKUM, DOKUMENTASI, PENGOLAH DATA KEUANGAN DAN PROGRAMMER"
"101","4026012","INSTRUKTUR PRAKTIKUM MANAJEMEN TATA HIDANGAN"
"102","4026013","INSTRUKTUR PRAKTIKUM MANAJEMEN USAHA KEPARIWISATAAN"
"103","4026014","INSTRUKTUR PRAKTIKUM TATA BOGA"
"105","4028001","JAGAWANA"
"106","4029001","JAKSA"
"107","4030001","JURNALIS"
"108","4031001","JURU BAYAR"
"109","4031002","JURU FOTO"
"110","4031003","JURU GAMBAR"
"111","4031004","JURU INFORMASI DAN KOMUNIKASI"
"112","4031005","JURU KAMERA / KAMERAMEN"
"113","4031006","JURU KETIK"
"114","4031007","JURU MASAK"
"115","4031008","JURU MASAK DAN PENYIAP BAHAN MAKANAN"
"116","4031009","JURU PENERANG"
"117","4031010","JURU SITA"
"118","4031011","JURU TAMAN, KEBUN OBAT"
"119","4031012","JURU UKUR"
"120","4031013","JURU TEMUAN, JURU PELIHARA, PRAMU KELAS, TATA KELAS"
"121","4031014","JURU PELIHARA DAN JURU TAMAN"
"122","4031015","JURU CUCI"
"123","4032001","KOMANDAN REGU SATUAN PENGAMANAN (SATPAM)"
"124","4033001","KOORDINATOR ADMINISTRASI"
"125","4033002","KOORDINATOR ADMINISTRASI PENGENDALIAN OPERASIONAL"
"126","4033003","KOORDINATOR LAPANGAN"
"127","4033004","KOORDINATOR PELAYANAN"
"128","4033005","KOORDINATOR PEMELIHARAAN"
"129","4033006","KOORDINATOR PENGAWAS PENDARATAN"
"130","4033007","KOORDINATOR PETUGAS BARANG BUKTI"
"131","4033008","KOORDINATOR PETUGAS PEMERIKSA"
"132","4033009","KOORDINATOR PETUGAS PENYIDIK"
"133","4033010","KOORDINATOR STATISTIK KECAMATAN"
"134","4033011","KOORDINATOR URUSAN ADMINISTRASI"
"135","4033012","KOORDINATOR URUSAN BETON/ASPAL"
"136","4033013","KOORDINATOR URUSAN DISTRIBUSI"
"137","4033014","KOORDINATOR URUSAN EKSPEDISI"
"138","4033015","KOORDINATOR URUSAN OPERASI"
"139","4033016","KOORDINATOR URUSAN PAM"
"140","4033017","KOORDINATOR URUSAN PELAYANAN"
"141","4033018","KOORDINATOR URUSAN PEMELIHARAAN"
"142","4033019","KOORDINATOR URUSAN PENGAWAS"
"143","4033020","KOORDINATOR URUSAN PENGGANDAAN"
"144","4033021","KOORDINATOR URUSAN PENGOLAH BAHAN"
"145","4033022","KOORDINATOR URUSAN PERBENGKELAN"
"146","4033023","KOORDINATOR URUSAN PERLENGKAPAN"
"147","4033024","PELAKSANA SUBID MUTASI JABATAN"
"148","4033025","KOORDINATOR URUSAN TATA USAHA"
"149","4033026","KOORDINATOR URUSAN TEKNIK"
"150","4033027","KOORDINATOR JABATAN FUNGSIONAL PENYULUH"
"151","4034001","KOREKTOR RISALAH"
"152","4035001","KURATOR"
"153","4036001","LABORAN"
"154","4036002","LABORAN PLASMA"
"155","4037001","LEGAL ADVISOR"
"156","4037002","LEGAL COUNCELLOR"
"157","4037003","LEGAL DRAFTER"
"158","4038001","MANDOR"
"159","4038002","MANDOR KAMAR MESIN"
"160","4038003","MANDOR HUTAN"
"161","4039001","MUALIM"
"162","4039002","MUALIM 1"
"163","4040001","NEGOSIATOR"
"164","4040002","NOTULEN RAPAT"
"165","4041001","OPERATOR AIR CONDITION (AC)"
"166","4041002","OPERATOR ALAT BERAT"
"167","4041003","OPERATOR AUDIO VISUAL"
"168","4041004","PELAKSANA ADMINISTRASI"
"169","4041005","OPERATOR BATAN SECURITY SISTEM"
"170","4041006","OPERATOR DIGITASI/PENGOLAH DATA"
"171","4041007","OPERATOR FOTOCOPY"
"172","4041008","OPERATOR FOTOGRAMETRI DAN PENGOLAH DATA"
"173","4041009","OPERATOR GENSET"
"174","4041010","OPERATOR GEODESI/GEODINAMIKA"
"175","4041011","OPERATOR GEOGRAPHY INFORMATION SYSTEM (GIS)"
"176","4041012","PALAKSANA"
"177","4041013","OPERATOR KATALOG/WEB"
"178","4041014","PENJAGA BENDUNGAN"
"179","4041015","OPERATOR KOMPUTER"
"180","4041016","OPERATOR KOMUNIKASI"
"181","4041017","OPERATOR LABORATORIUM CITRA DAN REPRODUKSI"
"182","4041018","OPERATOR LIFT"
"183","4041019","OPERATOR MESIN CETAK"
"184","4041020","OPERATOR MESIN GENSET"
"185","4041021","OPERATOR MESIN GILAS"
"186","4041022","OPERATOR MESIN PENGGANDAAN"
"187","4041023","OPERATOR MESIN RUMPUT"
"188","4041024","OPERATOR MOBIL"
"189","4041025","OPERATOR MULTIMEDIA"
"190","4041026","OPERATOR PENGOLAH DATA"
"191","4041027","OPERATOR PENGOLAH PASANG SURUT"
"192","4041028","JFU PENGOLAH DATA HASIL INDUSTRI PERTANIAN"
"193","4041029","Perencana Peraturan Daerah"
"194","4041030","OPERATOR TELEPON"
"195","4041031","PENGOLAH DATA HASIL INDUSTRI PERTANIAN"
"196","4041032","OPERATOR TELKOM"
"197","4041033","OPERATOR TOPONIMI DAN PENGOLAH DATA"
"198","4041034","OPERATOR TRAKTOR"
"199","4041035","OPERATOR TRANSMISI SANDI"
"200","4041036","OPERATOR KOMPUTER DATA GIS"
"201","4041037","OPERATOR KOMPUTER DATA STATISTIK"
"202","4041038","OPERATOR ENTRI DATA"
"203","4041039","OPERATOR ALAT OPTIK"
"204","4041040","OPERATOR MESIN"
"205","4042001","PAKAR HUKUM"
"206","4042002","PAKAR KLIMATOLOGI"
"207","4043001","PAMONG BELAJAR"
"208","4043002","PAMONG BUDAYA"
"209","4043003","PAMONG SWADAYA MASYARAKAT"
"210","4044001","PANDEGA SWADAYA MASYARAKAT"
"211","4045001","PANITERA"
"212","4046001","PEKERJA JALAN"
"213","4046002","PEKERJA SALURAN"
"214","4046003","PEKERJA SOSIAL"
"215","4047001","PELAKSANA AKREDITASI LABORATORIUM KALIBRASI"
"216","4047002","PELAKSANA AKREDITASI LABORATORIUM PENGUJI"
"217","4047003","PELAKSANA PEMBINAAN BATAS ANTAR NEGARA"
"218","4047004","PELAKSANA PERHITUNGAN ANGGARAN"
"219","4047005","PELAKSANA TATA USAHA"
"220","4047006","PELAKSANA TEKNISI DAN OPERATOR"
"221","4047007","PELAKSANA BIMBINGAN KETRAMPILAN PETERNAKAN"
"222","4047008","PELAKSANA DISTRIBUSI DAN PEMASARAN TERNAK"
"223","4047009","PELAKSANA PENGELOLAAN BUDIDAYA DAN MUTU PRODUK TERNAK"
"224","4047010","PELAKSANA PENGEMBANGAN PRODUKSI IKAN"
"225","4047011","PELAKSANA PENYEDIA BIBIT, HMT DAN PAKAN TERNAK"
"226","4047012","PELAKSANA TEKNIS/PARAMEDIS HEWAN (KESEHATAN HEWAN)"
"227","4047013","PELAKSANA UJI BAHAN"
"228","4048001","PELAYAN INFORMASI KERACUNAN"
"229","4048002","PELAYAN INFORMASI OBAT"
"230","4048003","PELAYAN KESENIAN DAN CENDERAMATA"
"231","4048004","PELAYAN KONSULTASI TENTANG PENGEMBANGAN SISTEM"
"232","4048005","PELAYAN ORANG TERLANTAR DAN KERINGANAN BIAYA RUMAH SAKIT DAN PEMULUNG"
"233","4048006","PELAYAN PENGADUAN KONSUMEN"
"234","4048007","PELAYAN PUSTAKA DAN ARSIP"
"235","4049001","PELIPUT ACARA DENGAR PENDAPAT DAN PENGUMPUL HASIL KEGIATAN PERTEMUAN"
"236","4049002","PELIPUT BERITA"
"237","4050001","PEMANDU KESENIAN"
"238","4050002","PEMANDU LAYANAN INFORMASI LEMBAGA"
"239","4050003","PEMANDU MUSEUM GEOLOGI"
"240","4050004","PEMANDU WISATA"
"241","4050005","PELAKSANA KESEHATAN"
"242","4050006","PEMANDU LAPANG PERKEBUNAN"
"243","4051001","PEMANTAU BALAI HARTA PENINGGALAN"
"244","4051002","PEMANTAU BANTUAN HUKUM DAN PETUGAS TUGAS BHP"
"245","4051003","PEMANTAU DAERAH ALIRAN SUNGAI"
"246","4051004","PEMANTAU DAN PENGEVALUASI KONSERVASI SUMBER DAYA MINERAL"
"247","4051005","PEMANTAU DIKLAT"
"248","4051006","PEMANTAU EKSPLORASI PENGEBORAN, PENGGALIAN PENGAMBILAN AIR BAWAH TANAH"
"249","4051007","PEMANTAU GENANGAN AIR, CUACA DAN KEJADIAN BENCANA / BANJIR"
"250","4051008","PEMANTAU HARGA OBAT"
"251","4051009","PEMANTAU INFORMASI MELALUI MEDIA CETAK DAN ELEKTRONIKA"
"252","4051010","PEMANTAU JAMINAN MUTU"
"253","4051011","PEMANTAU KEGIATAN PAMERAN KUALITAS LINGKUNGAN KAWASAN PERKOTAAN"
"254","4051012","PEMANTAU KEGIATAN PELAYANAN INFORMASI DAN KEHUMASAN"
"255","4051013","PEMANTAU KEPUSTAKAAN PENGADILAN"
"256","4051014","PEMANTAU KERJASAMA"
"257","4051015","PEMANTAU KESIAPAN DAN PETUGASAN"
"258","4051016","PEMANTAU KONSEP RANCANGAN PP BIDANG POLKAM, KESRA DAN EKUINDAG"
"259","4051017","PEMANTAU LIMBAH CAIR DAN PENGEMBANGAN TEKNOLOGI LIMBAH CAIR"
"260","4051018","PEMANTAU PELANGGARAN PERIJINAN KEIMIGRASIAN"
"261","4051019","PEMANTAU PEMANFAATAN SUMBER DAYA AIR BAWAH TANAH"
"262","4051020","PEMANTAU PENELITIAN PENERAPAN AMDAL. UKL/UPL. DPL. KLS DAN SPPL"
"263","4051021","PEMANTAU PENERAPAN STANDAR"
"265","4051023","PEMANTAU PENYELENGGARAAN HUBUNGAN ANTAR LEMBAGA"
"266","4051024","PEMANTAU PROGRAM DAN PROYEK PEMBANGUNAN"
"268","4051026","PEMANTAU PROGRAM KEGIATAN RUTIN"
"269","4051027","PEMANTAU RENCANA PROGRAM DAN PROYEK PEMBANGUNAN"
"270","4051028","PEMANTAU RENCANA PROGRAM DIKLAT"
"271","4051029","PEMANTAU SUMBER MATA AIR YANG DI KERJA SAMAKAN DENGAN MASYARAKAT"
"272","4051030","PEMANTAU TEKNIS BID. LINTAS KEIMIGRASIAN"
"273","4051031","PEMANTAU TEKNIS BID. STATUS KEIMIGRASIAN"
"274","4051032","PEMANTAU USULAN GRASI DAN EKSEKUSI"
"275","4051033","PEMANTAU BANGUNAN PENGAIRAN"
"276","4051034","PEMANTAU DAN PENGENDALI PELAKSANA PROGRAM APBD"
"277","4051035","PEMANTAU DAN PENGEVALUASI PENYELENGGARAAN ANGKUTAN AKDP DAN ANGKUTAN APYB"
"278","4051036","PEMANTAU DAN PENGEVALUASI PROGRAM PENGAWASAN"
"279","4051037","PEMANTAU PEMANFAATAN DAN PENGENDALIAN AKTIVA TETAP"
"280","4051038","PEMANTAU PENYEBARAN TERNAK"
"281","4051039","PEMANTAU PENYELENGGARAAN PENGAMATAN METEROLOGI DAN GEOFISIKA"
"282","4051040","PEMANTAU KONSERVASI DAN SUAKA ALAM"
"283","4051041","PEMANTAU LADANG PERTANIAN BARU"
"284","4051042","PEMANTAU KES DAN PEMBERANTASAN HAMA HEWAN"
"285","4052001","PEMBANTU BENDAHARAWAN PENTOR DAN GAJI"
"286","4052002","PEMBANTU BENDAHARAWAN RUTIN"
"287","4052003","PEMBANTU JURU UKUR"
"288","4052004","PEMBANTU MONTIR"
"289","4052005","PEMBANTU OPERATOR"
"290","4052006","PEMBANTU PEMBUAT DAFTAR GAJI"
"291","4052007","PEMBANTU TEKNIS/TEKNISI"
"292","4052008","PEMBANTU GIZI"
"293","4053001","PEMBIMBING KEMASYARAKATAN"
"294","4053002","PEMBIMBING KERJA DALAM LP"
"295","4053003","PEMBIMBING KERJA LUAR LP"
"296","4053004","PEMBIMBING PEMANFAATAN DAN PENGGUNAAN BAHAN PUSTAKA"
"297","4053005","PEMBIMBING PETUGAS PEMBANGUNAN KOTA DAN DESA"
"298","4053006","PEMBIMBING REHABILITASI SOSIAL"
"299","4053007","PEMBIMBING TEKNIS KOPERASI"
"300","4053008","PEMBIMBING TEKNIS PENCEGAHAN PENCEMARAN INDUSTRI"
"301","4053009","PEMBIMBING TEKNIS PERTAMBANGAN"
"302","4054001","PEMBINA MENTAL"
"303","4054002","PEMBINA PENGETAHUAN ASIMILASI"
"304","4054003","PEMBINA POLA KONSUMSI MASYARAKAT"
"305","4054004","PEMBINA DAN PELAYANAN SOSIAL"
"306","4054005","PEMBINA POLISI PAMONG PRAJA"
"307","4055001","PEMBUAT ABSTRAK DAN KLIPING"
"308","4055002","PEMBUAT ARAHAN POLA DAN BESARAN SARANA PARKIR"
"309","4055003","PEMBUAT BUKU MONITORING PROSES PENGHAPUSAN DAN PETUGAS PENGHAPUSAN"
"310","4055004","PEMBUAT DAFTAR BIBIOGRAFI, DESKRIPSI KATALOGISASI"
"311","4055005","PEMBUAT DAFTAR GAJI"
"312","4055006","PEMBUAT EVALUASI DAN PELAPORAN"
"313","4055007","PEMBUAT GAMBAR RENCANA PERUMAHAN DAN PRASARANA LINGKUNGAN"
"314","4055008","PEMBUAT KARTU NOMOR POKOK WAJIB RETIRBUSI DAERAH"
"315","4055009","PEMBUAT LAPORAN PETUGASAN TUGAS"
"316","4055010","PEMBUAT PAKAN TERNAK"
"317","4055011","PEMBUAT PELAPORAN PETUGASAN TUGAS SEKCAM"
"318","4055012","PEMBUAT ABSTRAK DAN KLIPING"
"319","4055013","PEMBUAT PERHITUNGAN ANGGARAN"
"320","4055014","PEMBUAT PETA DAN SKETSA"
"321","4055015","PEMBUAT KONSEP SURAT KEPUTUSAN"
"322","4055016","PEMBUAT LAPORAN BERKALA"
"323","4055017","PEMBUAT PEDOMAN PELAKSANAAN KEGIATAN"
"324","4055018","PEMBUAT PEDOMAN PENGELOLAAN BIBIT TUMBUHAN"
"325","4055019","PEMBUAT PEDOMAN PELAKSANAAN KEGIATAN ANALISA SUMBERDAYA"
"326","4055020","Penyelia"
"327","4056001","PEMEGANG BUKU AKUNTANSI"
"328","4056002","PEMEGANG BUKU ANGGARAN DAN VERIFIKATOR"
"329","4056003","PEMEGANG BUKU ANGGARAN PEMBANGUNAN"
"330","4056004","PEMEGANG BUKU ANGGARAN RUTIN"
"331","4056005","PEMEGANG BUKU BENDAHARA"
"332","4056006","PEMEGANG BUKU BKP"
"333","4056007","PEMEGANG BUKU BKU"
"334","4056008","PEMEGANG BUKU HASIL PENJUALAN"
"335","4056009","PEMEGANG BUKU INDUK DATA DOKUMENTASI"
"336","4056010","PEMEGANG BUKU PENGELUARAN"
"337","4056011","PEMEGANG DAFTAR IZIN TINGGAL DAN PERPANJANGAN"
"338","4056012","PEMEGANG DAFTAR PERPANJANGAN SURAT PERJALANAN"
"339","4056013","PEMEGANG DAFTAR PETUGAS PEMBERIAN PASPOR DAN PERPANJANGAN"
"340","4056014","PEMEGANG DAFTAR SURAT PERJALANAN WNI DAN WNA"
"341","4056015","PEMEGANG KAS"
"342","4056016","PEMEGANG KAS DAERAH"
"343","4056017","PEMEGANG TATA NASKAH"
"344","4057001","PEMELIHARA ALAT"
"345","4057002","PEMELIHARA ALAT LABORATORIUM"
"346","4057003","PEMELIHARA ARBORETUM"
"347","4057004","PEMELIHARA ARSIP"
"348","4057005","PEMELIHARA ASRAMA"
"349","4057006","PEMELIHARA BARANG"
"350","4057007","PEMELIHARA BARANG BUDAYA"
"351","4057008","PEMELIHARA BENDA SITAAN NEGARA"
"352","4057009","PEMELIHARA FISIK BANGUNAN"
"353","4057010","PEMELIHARA GEDUNG"
"354","4057011","PEMELIHARA HALAMAN DAN TAMAN"
"355","4057012","PEMELIHARA JALAN"
"356","4057013","GURU SD"
"357","4057014","PEMELIHARA KOLAM RENANG"
"358","4057015","PEMELIHARA MONUMEN BLA"
"359","4057016","PEMELIHARA PERANGKAT KERAS"
"360","4057017","PEMELIHARA PERLENGKAPAN DINAS"
"361","4057018","PEMELIHARA RUMAH TANGGA"
"362","4057019","PEMELIHARA SARANA DAN PRASARANA FISIK"
"363","4057020","PEMELIHARA SARANA KOMUNIKASI"
"364","4057021","PEMELIHARA SATWA LANGKA YANG DILINDUNGI"
"365","4057022","PEMELIHARA TAMAN / LAPANGAN"
"366","4057023","PEMELIHARA TEKNOLOGI INFORMASI"
"367","4057024","PEMELIHARA HUTAN PENELITIAN"
"368","4057025","PEMELIHARA ALAT-ALAT ELEKTRONIK"
"369","4057026","PEMELIHARA DAN PERAWATAN PROPERTY DAN SARANA PRASARANA"
"370","4057027","PEMELIHARA DAN PERANCANG JARINGAN"
"371","4058001","PEMERIKSA BEA DAN CUKAI"
"372","4058002","PEMERIKSA DASAR BANGUNAN KOEFISIEN LANTAI BANGUNAN, PERMOHONAN IMB"
"373","4058003","PEMERIKSA KONSEP SURAT KEPUTUSAN"
"374","4058004","PEMERIKSA LAPANGAN"
"375","4058005","PEMERIKSA LINGKUNGAN HIDUP"
"376","4058006","PEMERIKSA MEREK"
"377","4058007","PEMERIKSA PAJAK"
"378","4058008","PEMERIKSA PATEN"
"379","4058009","PEMERIKSA PERHUBUNGAN JALAN"
"380","4058010","PEMERIKSA PERMOHONAN ALIH STATUS IZIN TINGGAL"
"381","4058011","PEMERIKSA SEKTOR INDUSTRI DAN PERTAMBANGAN"
"382","4058012","PEMERIKSA SEKTOR KEKAYAAN DAERAH"
"383","4058013","PEMERIKSA SEKTOR KOPERASI"
"384","4058014","PEMERIKSA SEKTOR PAJAK DAERAH"
"385","4058015","PEMERIKSA SEKTOR PARIWISATA"
"386","4058016","PEMERIKSA SEKTOR PEMBINAAN APARATUR"
"387","4058017","PEMERIKSA SEKTOR PEMERINTAHAN"
"388","4058018","PEMERIKSA SEKTOR PERTANIAN"
"389","4058019","PEMERIKSA SEKTOR RETRIBUSI DAERAH"
"390","4058020","PEMERIKSA SEKTOR SOSIAL DAN KETENAGAKERJAAN"
"391","4058021","PEMERIKSA SEKTOR SUMBER DAYA AIR"
"392","4058022","PEMERIKSA KESEHATAN"
"393","4058023","PEMERIKSA BUKTI KAS"
"394","4059001","PEMELIHARA ALAT PELIPUTAN"
"395","4060001","PEMETA GRAFITI DASAR LAUT"
"396","4060002","PEMETA SEBARAN SEDIMEN DASAR LAUT"
"397","4061001","PEMROSES ADMINISTRASI ALUMNI DIKLAT"
"398","4061002","PEMROSES ADMINISTRASI DAN AKADEMIK"
"399","4061003","PEMROSES ADMINISTRASI PERPUSTAKAAN"
"400","4061004","PEMROSES AKREDITASI"
"401","4061005","PEMROSES ANGGARAN PEMBANGUNAN"
"402","4061006","PEMROSES ANGGARAN RUTIN"
"403","4061007","PEMROSES BAHAN PERSETUJUAN PETUGAS PEMBERIAN DISPENSASI"
"404","4061008","PEMROSES BAHAN PERSETUJUAN PETUGAS PEMBERIAN DOKUMEN"
"405","4061009","PEMROSES BAHAN PERSETUJUAN PETUGAS PEMBERIAN FASILITAS"
"406","4061010","PEMROSES BERHENTI DAN PENSIUN"
"407","4061011","PEMROSES DATA PENGEMBANGAN PEGAWAI"
"408","4061012","PEMROSES GAJI"
"409","4061013","PEMROSES GAJI TENAGA TEKNIS PERADILAN"
"410","4061014","PEMROSES GUDANG DAN PENYALUR BARANG"
"411","4061015","PEMROSES IZIN PINDAH PASPOR"
"412","4061016","PEMROSES IZIN PINDAH SPONSOR"
"413","4061017","PEMROSES KENAIKAN PANGKAT"
"414","4061018","PEMROSES KEPEGAWAIAN UMUM"
"415","4061019","PEMROSES LAPORAN MUTASI KELUARGA"
"416","4061020","PEMROSES MUTASI PEGAWAI"
"417","4061021","PEMROSES NASKAH UJIAN"
"418","4061022","PEMROSES PEMBERHENTIAN DAN PENSIUN"
"419","4061023","PEMROSES PEMBERIAN PENGHARGAAN PEGAWAI YANG BERPRESTASI"
"420","4061024","PEMROSES PEMBERIAN SURAT KET. KEPENDUDUKAN ORANG ASING UNTUK KEWARGANEGARAAN"
"421","4061025","PEMROSES PEMBIAYAAN"
"422","4061026","PEMROSES PEMBUATAN KARIS/KARSU DAN PENYIAPAN JAMINAN HARI TUA"
"423","4061027","PEMROSES PEMINDAHAN DAN MUTASI"
"424","4061028","PEMROSES PEMINDAHAN DAN MUTASI LAIN-LAIN"
"425","4061029","PEMROSES PENGADAAN BARANG DAN INVENTARISASI"
"426","4061030","PEMROSES PENGADAAN BUKU HUKUM"
"427","4061031","PEMROSES PENGADAAN SARANA DALAM NEGERI"
"428","4061032","PEMROSES PENGADAAN SARANA LUAR NEGERI"
"429","4061033","PEMROSES PENGANGKATAN BENDAHARAWAN"
"430","4061034","PEMROSES PENGANGKATAN PENASEHAT HUKUM"
"431","4061035","PEMROSES PENGANGKATAN PNS"
"432","4061036","PEMROSES PENGEMBANGAN PEGAWAI"
"433","4061037","PEMROSES PENGGAJIAN DAN TUNJANGAN PEGAWAI"
"434","4061038","PEMROSES PENGIRIMAN PEGAWAI DIKLAT LUAR"
"435","4061039","PEMROSES PENSIUN DAN PENATA USAHA"
"436","4061040","PEMROSES PINDAH DAN MUTASI PEGAWAI"
"437","4061041","PEMROSES RENCANA DAN PROGRAM KANWIL"
"438","4061042","PEMROSES RENCANA KERJA PROGRAM DAN PENYIAPAN PEMBANGUNAN"
"439","4061043","PEMROSES RENCANA PROGRAM"
"440","4061044","PEMROSES SERTIVIKASI"
"441","4061045","PEMROSES SPLICHING SIMB"
"442","4061046","PEMROSES TANDA JASA"
"443","4061047","PEMROSES USUL RENCANA PROGRAM DAN PROYEK PEMBANGUNAN"
"444","4061048","PEMROSES USUL RENCANA PROGRAM LITBANG"
"445","4061049","PEMROSES INSTRUMEN LISTRIK"
"446","4061050","PEMROSES BERKAS PERIJINAN"
"447","4061051","PEMROSES IZIN"
"448","4062001","PENAGIH PAJAK"
"449","4062002","PENAGIH PINJAMAN BUKU"
"450","4063001","PENAKSIR ASET PEMERINTAH"
"451","4063002","PENAKSIR HARGA BARANG"
"452","4063003","PENAKSIR PAJAK"
"453","4064001","PENANGGUNGJAWAB KOMPUTER"
"454","4064002","PENANGGUNGJAWAB PEMEGANG PEMBUKUAN"
"455","4064003","PENANGGUNGJAWAB PENERIMAAN"
"456","4064004","PENANGGUNGJAWAB PENGELUARAN"
"457","4065001","PENARIK ARSIP AKUISISI"
"458","4065002","PENARIK BAHAN PUSTAKA SERTA ARSIP"
"459","4066001","PENATA ADMINISTRASI"
"460","4066002","PENATA ARSIP DAN DOKUMENTASI"
"461","4066003","PENATA DAMPAK LINGKUNGAN"
"462","4066004","PENATA DOKUMENTASI ILMIAH DAN KETEKNIKAN"
"463","4066005","PENATA EVALUASI ANGGARAN KETENAGA NUKLIRAN"
"464","4066006","PENATA EVALUASI DOSIS DAN LINGKUNGAN"
"465","4066007","PENATA EVALUASI PROGRAM KERJASAMA, STATISTIK KEPEGAWAIAN, BERITA ILMIAH"
"466","4066008","PENATA EVALUASI PROGRAM KETENAGA NUKLIRAN"
"467","4066009","PENATA HUMAS INTERNASIONAL KETENAGA NUKLIRAN"
"468","4066010","PENATA IJIN BEKERJA PETUGAS FASILITAS RADIASI"
"469","4066011","PENATA INFORMASI PRODUK"
"470","4066012","PENATA INSPEKSI FASILITAS INDUKSTRI"
"471","4066013","PENATA INSPEKSI FASILITAS KESEHATAN"
"472","4066014","PENATA INSPEKSI FASILITAS PENELITIAN"
"473","4066015","PENATA INSPEKSI INSTALASI NUKLIR"
"474","4066016","PENATA INSPEKSI SAFEGUARD"
"475","4066017","PENATA JAMINAN MUTU"
"476","4066018","PENATA JAMUAN"
"477","4066019","PENATA KENDARAAN DINAS"
"478","4066020","PENATA KERJASAMA INTERNASIONAL-IAEA"
"479","4066021","PENATA KESEJAHTERAAN PEGAWAI"
"480","4066022","PENATA KESELAMATAN FASILITAS DAN PERALATAN RADIASI"
"481","4066023","PENATA KESELAMATAN PERSONEL"
"482","4066024","PENATA KESIAPSIAGAAN NUKLIR"
"483","4066025","PENATA KETEKNIKAN"
"484","4066026","PENATA KEUANGAN DAN PEMBUKUAN"
"485","4066027","PENATA LAKSANA ADMINISTRASI"
"486","4066028","PENATA LAKSANA ADMINISTRASI KEPEGAWAIAN / KEUANGAN"
"487","4066029","PENATA LAKSANA ADMINISTRASI PELAYANAN DATA"
"488","4066030","PENATA LAKSANA ADMINISTRASI PEMERIKSA"
"489","4066031","PENATA LAKSANA DOKUMENTASI DAN PRODUK"
"490","4066032","PENATA LAKSANA PENANGGULANGAN PEKERJA ANAK"
"491","4066033","PENATA LAKSANA PROFESI"
"492","4066034","PENATA LAKSANA PROFIL DAN LOMBA DESA"
"493","4066035","PENATA MUTASI JABATAN FUNGSIONAL"
"494","4066036","PENATA ORGANISASI"
"495","4066037","PENATA PELAYANAN DATA DAN INFORMASI"
"496","4066038","PENATA PEMELIHARAAN MESIN DIESEL, LIFT, AC"
"497","4066039","PENATA PENGATURAN INSTALASI NUKLIR NON REAKTOR"
"498","4066040","PENATA PENGATURAN KESEHATAN"
"499","4066041","PENATA PENGATURAN KESELAMATN LINGKUNGAN"
"500","4066042","PENATA PENGATURAN PROTEKSI RADIASI"
"501","4066043","PENATA PENGAWAS RADIASI"
"502","4066044","PENATA PENGKAJIAN FASILITAS INDUSTRI"
"503","4066045","PENATA PENGKAJIAN FASILITAS KESEHATAN"
"504","4066046","PENATA PENGKAJIAN FASILITAS PENELITIAN"
"505","4066047","PENATA PENGKAJIAN INSTALASI NULKIR NON REAKTOR"
"506","4066048","PENATA PENGKAJIAN REAKTOR DAYA"
"507","4066049","PENATA PENGKAJIAN REAKTOR NON DAYA"
"508","4066050","PENATA PENGOLAHAN DATA INSPEKSI RADIOAKTIF"
"509","4066051","PENATA PENGOLAHAN DATA INSPEKSI REAKTOR"
"510","4066052","PENATA PENYUSUNAN PROGRAM DAN ANGGARAN KETENAGA NUKLIRAN"
"511","4066053","PENATA PERIJINAN FASILITAS INDUSTRI"
"512","4066054","PENATA PERIJINAN FASILITAS KESEHATAN"
"513","4066055","PENATA PERIJINAN FASILITAS PENELITIAN"
"514","4066056","PENATA PERIJINAN INSTALASI NUKLIR NON REAKTOR"
"515","4066057","PENATA PERIJINAN REAKTOR DAN BAHAN NUKLIR"
"516","4066058","PENATA PERSURATAN"
"517","4066059","PENATA REGU"
"518","4066060","PENATA RUANGAN DAN REGENSIA"
"519","4066061","PENATA SAJI UNSUR DEKORASI"
"520","4066062","PENATA SERTIFIKASI DAN VALIDASI"
"521","4066063","PENATA SILABUS DAN KURIKULUM PERATURAN KETENAGA NUKLIRAN"
"522","4066064","PENATA SISTEM INFORMASI"
"523","4066065","PENATA STAN PAMERAN"
"524","4066066","PENATA TAMAN"
"525","4066067","PENATA TATA LAKSANA"
"526","4066068","PENATA URUSAN ARSIP"
"527","4066069","PENATA URUSAN DALAM"
"528","4066070","PENATA USAHA ASISTEN PEMBANGUNAN DAN KESRA"
"529","4066071","PENATA USAHA ASISTEN TATA PRAJA"
"530","4066072","PENATA USAHA BADAN HUKUM SOSIAL"
"531","4066073","PENATA USAHA BIAYA PERSURATAN"
"532","4066074","PENATA USAHA CUTI PEGAWAI"
"533","4066075","PENATA USAHA DATA PENELITIAN PEGAWAI"
"534","4066076","PENATA USAHA IZIN KAWIN CERAI DAN CUTI"
"535","4066077","PENATA USAHA KAMTIB"
"536","4066078","PENATA USAHA KARPEG"
"537","4066079","PENATA USAHA KENDARAAN DINAS"
"538","4066080","PENATA USAHA KEPEGAWAIAN"
"539","4066081","PENATA USAHA KEPEGAWAIAN UMUM"
"540","4066082","PENATA USAHA KERARSIPAN"
"541","4066083","PENATA USAHA KESEJAHTERAAN PEGAWAI"
"542","4066084","PENATA USAHA KEUANGAN"
"543","4066085","PENATA USAHA LAPORAN DAN KARTU PEGAWAI"
"544","4066086","PENATA USAHA PENERIMAAN BARANG"
"545","4066087","PENATA USAHA PENERIMAAN CALON SISWA"
"546","4066088","PENATA USAHA PENGAJARAN"
"547","4066089","PENATA USAHA PENGGANDAAN"
"548","4066090","PENATA USAHA PERGUDANGAN"
"549","4066091","PENATA USAHA PERJALANAN DAN KENDARAAN DINAS"
"550","4066092","PENATA USAHA PERJALANAN DINAS"
"551","4066093","PENATA USAHA PERLENGKAPAN"
"552","4066094","PENATA USAHA PERLENGKAPAN DAN BARANG INVENTARIS"
"553","4066095","PENATA USAHA PERLENGKAPAN PENGAMANAN"
"554","4066096","PENATA USAHA PERPUSTAKAAN"
"555","4066097","PENATA USAHA PERSURATAN"
"556","4066098","PENATA USAHA PERUBAHAN NAMA"
"557","4066099","PENATA USAHA POLIKLINIK"
"558","4066100","PENATA USAHA PUSTAKA"
"559","4066101","PENATA USAHA RUMAH TANGGA BIRO KEUANGAN"
"560","4066102","PENATA USAHA SURAT"
"561","4066103","PENATA USAHA UMUM"
"562","4066104","PENATA USAHA UMUM PENGAMANAN"
"563","4066105","PENATA USAHA UPTD RPH"
"564","4066106","PENATA KERUMAHTANGGAAN PERWAKILAN RI"
"565","4066107","PENATA LAPORAN KEUANGAN"
"566","4066108","PENATA USAHA ARSIP"
"567","4066109","PENATA BINA KONSERVASI DAN PERLINDUNGAN"
"568","4066110","PENATA USAHA KESEHATAN"
"569","4066111","PENATALAKSANA PERIJINAN NON USAHA"
"570","4066112","PENATALAKSANA EKSPLORASI KAWASAN DAN KEKAYAAN LAUT"
"571","4066113","PENATALAKSANA FASILITAS PEMBINAAN LABORATORIUM LINGKUNGAN"
"572","4066114","PENATALAKSANA FASILITAS KERJASAMA USAHA DAN PROMOSI INDUSTRI"
"573","4066115","PENATALAKSANA FASILITAS DAN REGULASI PEMASARAN HASIL PERKEBUNAN"
"574","4066116","PENATALAKSANA FASILITAS KERJASAMA PEMERINTAH DAN LEMBAGA LUAR NEGERI"
"575","4066117","PENATALAKSANA FASILITAS PENERAPAN DAN PENGAWASAN MUTU PRODUKSI"
"576","4066118","PENATALAKSANA FASILITAS PENGEMBANGAN DAN PENINGKATAN PRODUKSI TANAMAN PERKEBUNAN"
"577","4066119","PENATALAKSANA INTEGRASI INFORMASI"
"578","4066120","PENATALAKSANA KEHUMASAN"
"579","4066121","PENATALAKSANA OPTIMALISASI PEMANFAATAN ASET DAERAH"
"580","4066122","PENATALAKSANA PEMBINAAN DAN PENDAYAGUNAAN LAUT"
"581","4066123","PENATALAKSANA PEMBINAAN DAN PENGAWASAN USAHA PETERNAKAN"
"582","4066124","PENATALAKSANA PEMBINAAN EKSPORT IMPORT"
"583","4066125","PENATALAKSANA PEMBINAAN SARANA PERDAGANGAN"
"584","4066126","PENATALAKSANA PENGGULANGAN DAN PEMBERANTASAN PENYAKIT HEWAN"
"585","4066127","PENATALAKSANA PENGELOLA DAN PEMANFAATAN SUMBER DAYA LAUT"
"586","4066128","PENATALAKSANA PENGEMBANGAN DAN PELESTARIAN NILAI BUDAYA DAN TRADISI"
"587","4066129","PENATALAKSANA PENGEMBANGAN IRIGASI DAN AIR BAKU"
"588","4066130","PENATA TEKNOLOGI PERTANIAN"
"589","4066131","PENATA TEKNOLOGI PENGOLAH HASIL PERTANIAN"
"590","4066132","PENATA TEKNIK PENGOLAHAN HASIL PERIKANAN"
"591","4066133","PENATA TEKNIK BUDIDAYA PERAIRAN"
"592","4066134","PENATA INVESTASI"
"593","4066135","PENATA PEMBENIHAN DAN PERSEMAIAN"
"594","4066136","PENATA, PENGAWAS, PENGUJI JEMBATAN"
"595","4066137","PENATA DAN PENAND. PEMUKIMAN"
"596","4066138","PENATA PENGAMAN HUTAN"
"597","4066139","PENATA PEMANFAATAN/PENGAWAS HUTAN ALAM"
"598","4066140","PENATA WILAYAH REHABILITASI KEHUTANAN"
"599","4067001","PENCATAT ABSENSI"
"600","4067002","PENCATAT ADMINISTRASI KEPENDUDUKAN DAN CATATAN SIPIL"
"601","4067003","PENCATAT ANAK JALANAN DAN KORBAN BENCANA ALAM"
"602","4067004","PENCATAT ANAK NAKAL KORBAN NARKOTIK"
"603","4067005","PENCATAT ANAK TERLANTAR DI DALAM / DI LUAR PANTI / JOMPO"
"604","4067006","PENCATAT BARANG BAWAAN DAN UANG TITIPAN BEKAS NARAPIDANA"
"605","4067007","PENCATAT DAFTAR INDUK WAJIB PAJAK"
"606","4067008","PENCATAT DATA HIDROLOGI DAN HIDROMETRI"
"607","4067009","PENCATAT DATA MASALAH SOSIAL"
"608","4067010","PENCATAT DATA NAPI DAN STATISTIK"
"609","4067011","PENCATAT DATA PEMBANGUNAN"
"610","4067012","PENCATAT DATA TITIK KERANGKA DASAR"
"611","4067013","PENCATAT DEBIT SERTA KAPASITAS SALURAN"
"612","4067014","PENCATAT FAKIR MISKIN"
"613","4067015","PENCATAT JOMPO/LUAR"
"614","4067016","PENCATAT KEBUTUHAN RUTIN KECAMATAN"
"615","4067017","PENCATAT KELUARGA BERMASALAH SOSIAL PSIKOLOGI"
"616","4067018","PENCATAT MASALAH GELANDANGAN, PENGEMIS DAN WTS"
"617","4067019","PENCATAT MASALAH PENYANDANG CACAT"
"618","4067020","PENCATAT MUTASI PEGAWAI"
"619","4067021","PENCATAT PEMBERI NOMOR REGISTRASI"
"620","4067022","PENCATAT PEMBINA ORSOS/YAYASAN/KARANG TARUNA"
"621","4067023","PENCATAT PEMBINAAN PETUGAS ANGGARAN PEMBANGUNAN"
"622","4067024","PENCATAT PEMBINAAN PETUGAS ANGGARAN RUTIN"
"623","4067025","PENCATAT PEMBINAAN PETUGAS PENERIMAAN"
"624","4067026","PENCATAT PENDAFTARAN KLIEN ANAK"
"625","4067027","PENCATAT PENDAFTARAN KLIEN DEWASA"
"626","4067028","PENCATAT PERINTIS KEMERDEKAAN"
"627","4067029","PENCATAT PERUBAHAN HASIL PENINGKATAN PEMBANGUNAN"
"628","4067030","PENCATAT PERUBAHAN JARINGAN,MUTASI AREAL, DAN HASIL PENINGKATAN PEMBANGUNAN"
"629","4067031","PENCATAT PETUGAS PEMBANGUNAN"
"630","4067032","PENCATAT POTENSI INVESTASI"
"631","4067033","PENCATAT RUMAH KUMUH"
"632","4067034","PENCATAT SURAT"
"633","4067035","PENCATAT SURAT BERITA SANDI DAN TELEKOMUNIKASI"
"634","4067036","PENCATAT USAHA-USAHA PERKOPERASIAN DAN HARGA SEMBAKO"
"635","4067037","PENCATAT VERIFIKASI PETUGASAN ANGGARAN PEMBANGUNAN"
"636","4067038","PENCATAT VERIFIKASI PETUGASAN ANGGARAN RUTIN"
"637","4067039","PENCATAT WANITA RAWAN SOSIAL EKONOMI"
"638","4068001","PENDATA DAERAH RAWAN KEBAKARAN"
"639","4068002","PENDATA DAERAH RAWAN KEBANJIRAN"
"640","4068003","PENDATA PENGEMBANGAN DAN PEMBINAAN PEGAWAI"
"641","4069001","PENDISTRIBUSIAN BARANG"
"642","4069002","PENDISTRIBUSIAN FORMULIR ISIAN DOKUMEN"
"643","4069003","PENDISTRIBUSIAN SURAT DAN PENATA USAHA UMUM"
"644","4069004","PENDISTRIBUSIAN SERTIFIKAT"
"645","4070001","PENDOKUMENTASIAN DATA MUTASI KEPEGAWAIAN"
"646","4070002","PENDOKUMENTASIAN DATA PERMOHONAN BANTUAN"
"647","4070003","PENDOKUMENTASIAN DATA PERUMAHAN"
"648","4070004","PENDOKUMENTASIAN DATA USUL PERIJINAN"
"649","4070005","PENDOKUMENTASIAN PERATURAN PERUNDANG-UNDANGAN"
"650","4070006","PENDOKUMENTASIAN SURAT"
"651","4070007","PENDOKUMENTASIAN BCB, KONSERVASI, JURU PELIHARA, KEPUSTAKAAN"
"652","4071001","PENELAAH / PENGKAJI AKUNTABILITAS KINERJA"
"653","4071002","PENELAAH ATAU PENYAJI DATA ADMINISTRASI KEHUTANAN"
"654","4071003","PENELAAH BAHAN EVALUASI FUNGSI KPA"
"655","4071004","PENELAAH BAHAN FLORA DAN FAUNA"
"656","4071005","PENELAAH BAHAN HUBUNGAN ANTAR LEMBAGA"
"657","4071006","PENELAAH BAHAN KERJASAMA TEKNIK"
"658","4071007","PENELAAH BAHAN LAPORAN"
"659","4071008","PENELAAH BAHAN PEMANFAATAN DAN PENGAWETAN"
"660","4071009","PENELAAH BAHAN PEMANGKUAN"
"661","4071010","PENELAAH BAHAN PENGEMBANGAN WISATA ALAM"
"662","4071011","PENELAAH BAHAN PERENCANAAN"
"663","4071012","PENELAAH BAHAN PERLINDUNGAN"
"664","4071013","PENELAAH BAHAN RANCANGAN"
"665","4071014","PENELAAH BAHAN TENAGA PERLINDUNGAN HUTAN"
"666","4071015","PENELAAH BERITA ACARA PEMERIKSAAN PEGAWAI"
"667","4071016","PENELAAH BIDANG EKONOMI"
"668","4071017","PENELAAH BIDANG HUKUM"
"669","4071018","PENELAAH CITRA SATELIT"
"670","4071019","PENELAAH DATA ADMINISTRASI PENERIMAAN HASIL LELANG"
"671","4071020","PENELAAH DATA BAHAN ANHAP"
"672","4071021","PENELAAH DATA BAHAN EVALUASI DAN LAPORAN PEMERIKSAAN"
"673","4071022","PENELAAH DATA BIMBINGAN PENGUJIAN HASIL HUTAN KAYU"
"674","4071023","PENELAAH DATA EVALUASI PENYIAPAN PEMANFAATAN"
"675","4071024","PENELAAH DATA INVENTARIS"
"676","4071025","PENELAAH DATA INVESTASI DAN TENAGA TEKNIS KEHUTANAN"
"677","4071026","PENELAAH DATA KEGIATAN PEMERIKASAAN"
"678","4071027","PENELAAH DATA KERJASAMA ORGANISASI NON PBB"
"679","4071028","PENELAAH DATA KETURUNAN ORANG ASING YANG TELAH MENJADI WNI"
"680","4071029","PENELAAH DATA ORGANISASI DAN TATA LAKSANA"
"681","4071030","PENELAAH DATA PEMANTAUAN TINDAK LANJUT I"
"682","4071031","PENELAAH DATA PEMANTAUAN TINDAK LANJUT II"
"683","4071032","PENELAAH DATA PEMBUKAAN WILAYAH HUTAN"
"684","4071033","PENELAAH DATA PEMOLAAN HASIL HUTAN"
"685","4071034","PENELAAH DATA PEMOLAAN PENGOLAHAN HASIL"
"686","4071035","PENELAAH DATA PENGENDALIAN PENGOLAHAN HASIL HUTAN"
"687","4071036","PENELAAH DATA PENYIAPAN HUTAN TANAMAN I"
"688","4071037","PENELAAH DATA PENYIAPAN HUTAN TANAMAN II"
"689","4071038","PENELAAH DATA PERMOHONAN PASPOR TKI"
"690","4071039","PENELAAH DATA PETUGAS DIKLAT"
"691","4071040","PENELAAH DATA PETUGAS PEMBERIAN VISA"
"692","4071041","PENELAAH DATA RENCANA KARYA JANGKA MENENGAH"
"693","4071042","PENELAAH DATA RENCANA PENYIAPAN PEMANFAATAN"
"694","4071043","PENELAAH DATA SARANA HUTAN TANAMAN"
"695","4071044","PENELAAH HARGA DAN MUTU BARANG"
"696","4071045","PENELAAH INFORMSI SUMBERDAYA HUTAN"
"697","4071046","PENELAAH ISIAN FORMULIR PERMOHONAN PASPOR"
"698","4071047","PENELAAH ISIAN FORMULIR PERMOHONAN IJIN TINGGAL SEMENTARA DAN REENTRY"
"699","4071048","PENELAAH JAMINAN MUTU"
"700","4071049","PENELAAH KASUS KEIMIGRASIAN"
"701","4071050","PENELAAH KEBIJAKAN"
"702","4071051","PENELAAH KEBUTUHAN DIKLAT PEGAWAI"
"703","4071052","PENELAAH KELEMBAGAAN"
"704","4071053","PENELAAH KEPENDUDUKAN"
"705","4071054","PENELAAH KERJA SAMA"
"706","4071055","PENELAAH KERJA SAMA LUAR NEGERI"
"707","4071056","PENELAAH MASALAH INTERNASIONAL"
"708","4071057","PENELAAH ORGANISASI DAN TATALAKSANA"
"709","4071058","PENELAAH PELANGGARAN DISIPLIN PEGAWAI"
"710","4071059","PENELAAH PEMANTAUAN PELAKSANAAN RENCANA KEHUTANAN"
"711","4071060","PENELAAH PEMBAKUAN SARANA KERJA"
"712","4071061","PENELAAH PENATAGUNAAN KAWASAN HUTAN I"
"713","4071062","PENELAAH PENATAGUNAAN KAWASAN HUTAN II"
"714","4071063","PENELAAH PENDATAAN PENGEMBANGAN DAN PEMBINAAN PEGAWAI"
"715","4071064","PENELAAH PENGUKUHAN KAWASAN HUTAN I"
"716","4071065","PENELAAH PENGUKUHAN KAWASAN HUTAN II"
"717","4071066","PENELAAH PENYAJIAN DATA DAN INFORMASI"
"718","4071067","PENELAAH PERJANJIAN KERJASAMA"
"719","4071068","PENELAAH PERMOHONAN DOKUMEN PERJALANAN IBADAH"
"720","4071069","PENELAAH PERMOHONAN IJIN TINGGAL DISPENSASI ABK"
"721","4071070","PENELAAH PERMOHONAN PERUBAHAN NAMA"
"722","4071071","PENELAAH PERUBAHAN FUNGSI HUTAN"
"723","4071072","PENELAAH PERUBAHAN STATUS DAN PERUNTUKAN KAWASAN HUTAN"
"724","4071073","PENELAAH PERUNDANG-UNDANGAN"
"725","4071074","PENELAAH RENCANA JANGKA PANJANG KEHUTANAN"
"726","4071075","PENELAAH RENCANA MENENGAH DAN PENDEK KEHUTANAN"
"727","4071076","PENELAAH TAWARAN BADAN INTERNASIONAL"
"728","4071077","PENELAAH/PENYAJI DATA ADMINISTRASI KEHUTANAN"
"729","4071078","PENELAAH CITRA LANDSAT DAN POTRET UDARA"
"730","4071079","PENELAAH BAHAN EVALUASI DAN PELAPORAN PENGELOLAAN KONSERVASI DAN PERLINDUNGAN HUTAN"
"731","4071080","PENELAAH DAN PENYAJI DATA STATISTIK KONSERVASI DAN PERLINDUNGAN HUTAN"
"732","4071081","PENELAAH DAN PENYUSUN DATA PERENCANAAN KAWASAN HUTAN"
"733","4071082","PENELAAH DATA INFORMASI SUMBER DAYA HUTAN"
"734","4071083","PENELAAH ANALIS PELAKSANAAN"
"735","4071084","PENELAAH BAHAN ANALIS HASIL PENGAWASAN"
"736","4071085","PENELAAH DAN PENYAJI DATA BAHAN RENCANA PENEMPATAN CALON PEGAWAI"
"737","4071086","PENELAAH DAN PENYAJI DATA PERENCANAAN"
"738","4071087","PENELAAH DAN PENYAJI DATA RENCANA FORMASI PEGAWAI"
"739","4071088","PENELAAH DAN PENYUSUN DATA PERENCANAAN"
"740","4071089","PENELAAH DAN PENYUSUN RENCANA PEMBANGUNAN"
"741","4071090","PENELAAH DAN PENYUSUN RENCANA PROGRAM DAN KEGIATAN"
"742","4071091","PENELAAH DATA BIMBINGAN PENGUJIAN HASIL HUTAN"
"743","4071092","PENELAAH DATA BINA CINTA ALAM"
"744","4071093","PENELAAH DATA CITES"
"745","4071094","PENELAAH DATA DAN BAHAN EKOSISTEM LAHAN BASAH"
"746","4071095","PENELAAH DATA DAN BAHAN KONSERVASI GENETIK"
"747","4071096","PENELAAH DATA DAN BAHAN LAHAN BASAH KPA"
"748","4071097","PENELAAH DATA DAN BAHAN LEMBAGA KONSERVASI"
"749","4071098","PENELAAH DATA DAN BAHAN PEMBINAAN PENGAMANAN SATWA LIAR"
"750","4071099","PENELAAH DAN BAHAN PEMBINAAN PENGAMANAN TUMBUHAN LIAR"
"751","4071100","PENELAAH DATA DAN BAHAN PENANGANAN DAMPAK KEBAKARAN"
"752","4071101","PENELAAH DATA DAN PENCEGAHAN PEMADAM"
"753","4071102","PENELAAH DATA DAN PERTIMBANGAN BANTUAN HUKUM"
"754","4071103","PENELAAH DATA EVALUASI DAN LAPORAN"
"755","4071104","PENELAAH DATA JASA LINGKUNGAN"
"756","4071105","PENELAAH DATA KINERJA INDUSTRI DAN PEMANENAN HASIL HUTAN WILAYAH I"
"757","4071106","PENELAAH DATA KINERJA INDUSTRI DAN PEMANENAN HASIL HUTAN WILAYAH II"
"758","4071107","PENELAAH DATA PELAPORAN"
"759","4071108","PENELAAH DATA PENGEMBANGAN JABATAN FUNGSIONAL"
"760","4071109","PENELAAH DATA PENYIAPAN PEMANFAATAN HUTAN ALAM"
"761","4071110","PENELAAH DATA RENCANA KERJA HUTAN TANAMAN"
"762","4071111","PENELAAH DATA TERTIB PEREDARAN"
"763","4071112","PENELAAH PENUNJUKAN KAWASAN HUTAN"
"764","4071113","PENELAAH DATA CADANGAN MINYAK DAN GAS BUMI"
"765","4071114","PENELAAH DATA PENAWARAN WILAYAH KERJA"
"766","4071115","PENELAAH KONTRAK KERJASAMA"
"767","4071116","PENGKAJI DATA INFORMASI GEOLOGI DAN PERTAMBANGAN"
"768","4071117","PENELAAH PENGEMBANGAN PEGAWAI"
"769","4071118","PENELAAH KEGIATAN KONTRASEPSI"
"770","4071119","PENELAAH DAN PENGKAJI SASTRA INDONESIA"
"771","4071120","PENELAAH DAN PENGKAJI SEJARAH"
"772","4073001","PENERA"
"773","4074001","PENERBIT BAHAN PENDUKUNG PERPU"
"774","4075001","PENERIMA LAPORAN PERUBAHAN ANGGARAN DASAR"
"775","4075002","PENERIMA PERMOHONAN ALIH STATUS KEIMIGRASIAN"
"776","4075003","PENERIMA PERMOHONAN DOKUMEN PERJALANAN"
"777","4075004","PENERIMA PERMOHONAN PERPANJANGAN IJIN TINGGAL"
"778","4075005","PENERIMA PERMOHONAN PINDAH PASPOR"
"779","4075006","PENERIMA SPECIMEN"
"780","4076001","PENTERJEMAH KONVENSI"
"781","4077001","PENGADMINISTRASI ANALIS EFEK SAMPING KOSMETIK"
"782","4077002","PENGADMINISTRASI ANALIS EFEK SAMPING OBAT"
"783","4077003","PENGADMINISTRASI ANALIS EFEK SAMPING OT & SM"
"784","4077004","PENGADMINISTRASI ANALIS FORMASI JABATAN"
"785","4077005","PENGADMINISTRASI ANGGARAN PEMBANGUNAN"
"786","4077006","PENGADMINISTRASI ANGGARAN PENYULUHAN"
"787","4077007","PENGADMINISTRASI ANGGARAN RUTIN"
"788","4077008","PENGADMINISTRASI ARSIP"
"789","4077009","PENGADMINISTRASI ARSIP AKTIF"
"790","4077010","PENGADMINISTRASI ARSIP DAERAH"
"791","4077011","PENGADMINISTRASI ARSIP NASKAH DINAS"
"792","4077012","PENGADMINISTRASI BAHAN PUSTAKA"
"793","4077013","PENGADMINISTRASI BANTUAN DAN PENYULUHAN HUKUM"
"794","4077014","PENGADMINISTRASI BARANG"
"795","4077015","PENGADMINISTRASI BARANG INVENTARIS"
"796","4077016","PENGADMINISTRASI BELANJA PEGAWAI"
"797","4077017","PENGADMINISTRASI BELANJA PEMBANGUNAN"
"798","4077018","PENGADMINISTRASI BELANJA RUTIN"
"799","4077019","PENGADMINISTRASI BUKU KENDALI WAJIB PAJAK/RETRIBUSI"
"800","4077020","PENGADMINISTRASI DATA DAN ANALIS KEBIJAKAN"
"801","4077021","PENGADMINISTRASI DATA DAN PENGKAJIAN"
"802","4077022","PENGADMINISTRASI DATA KEMAHASISWAAN DAN ALUMNI"
"803","4077023","PENGADMINISTRASI DATA KEPEGAWAIAN DAN KESEJAHTERAAN PEGAWAI"
"804","4077024","PENGADMINISTRASI DATA KEUANGAN"
"805","4077025","PENGADMINISTRASI DATA PEGAWAI"
"806","4077026","PENGADMINISTRASI DATA PEMBANGUNAN SARANA DAN PRASARANA PEMAKAMAN"
"807","4077027","PENGADMINISTRASI DATA PEMELIHARAAN BANGUNAN DAN LINGKUNGAN"
"808","4077028","PENGADMINISTRASI DATA PERENCANAAN SARANA DAN PRASARANA PEMAKAMAN"
"809","4077029","PENGADMINISTRASI DATA TEKNIS"
"810","4077030","PENGADMINISTRASI DIKLAT"
"811","4077031","PENGADMINISTRASI DIPDA"
"812","4077032","PENGADMINISTRASI DISIPLIN DAN PENGEMBANGAN PEGAWAI"
"813","4077033","PENGADMINISTRASI DISIPLIN PEGAWAI"
"814","4077034","PENGADMINISTRASI DOKUMEN INFORMASI"
"815","4077035","PENGADMINISTRASI DOKUMENTASI DAN TUGAS PERBANTUAN"
"816","4077036","PENGADMINISTRASI DOKUMENTASI ILMIAH"
"817","4077037","PENGADMINISTRASI EVALUASI DAN PELAPORAN"
"818","4077038","PENGADMINISTRASI EVALUASI PRODUK UJI KLINIK"
"819","4077039","PENGADMINISTRASI FASILITAS"
"820","4077040","PENGADMINISTRASI FILE ELEKTRONIK"
"821","4077041","PENGADMINISTRASI FORMASI"
"822","4077042","PENGADMINISTRASI FUNGSIONAL"
"823","4077043","PENGADMINISTRASI HUKUM"
"824","4077044","PENGADMINISTRASI INDUSTRI NON PERTANIAN"
"825","4077045","PENGADMINISTRASI INVENTARISASI BARANG"
"826","4077046","PENGADMINISTRASI JABATAN FUNGSIONAL"
"827","4077047","PENGADMINISTRASI JARINGAN"
"828","4077048","PENGADMINISTRASI JARINGAN EKONOMI"
"829","4077049","PENGADMINISTRASI KEAMANAN DAN KETERTIBAN"
"830","4077050","PENGADMINISTRASI KEAMANAN OBAT ASLI INDONESIA"
"831","4077051","PENGADMINISTRASI KEANGGOTAAN"
"832","4077052","PENGADMINISTRASI KEANGGOTAAN PUSTAKA"
"833","4077053","PENGADMINISTRASI KEBAHASAAN"
"834","4077054","PENGADMINISTRASI KEBUTUHAN DAN PENGENDALIAN BARANG"
"835","4077055","PENGADMINISTRASI KEBUTUHAN DIKLAT PEGAWAI"
"836","4077056","PENGADMINISTRASI KEDUDUKAN HUKUM"
"837","4077057","PENGADMINISTRASI KEGIATAN KESEJAHTERAAN SOSIAL"
"838","4077058","PENGADMINISTRASI KEGIATAN PEMUDA DAN OLAH RAGA"
"839","4077059","PENGADMINISTRASI KEGIATAN RUMAH TANGGA DINAS"
"840","4077060","PENGADMINISTRASI KEGIATAN USAHA POS DAN TELEKOMINIKASI"
"841","4077061","PENGADMINISTRASI KEMANFAATAN OBAT ASLI INDONESIA"
"842","4077062","PENGADMINISTRASI KEMASYARAKATAN"
"843","4077063","PENGADMINISTRASI KEMITRAAN"
"844","4077064","PENGADMINISTRASI KEMITRAAN DAN KELEMBAGAAN STEKHOLDER"
"845","4077065","PENGADMINISTRASI KEPEGAWAIAN UMUM"
"846","4077066","PENGADMINISTRASI KEPEMUDAAN"
"847","4077067","PENGADMINISTRASI KERJASAMA BIDANG KEARSIPAN"
"848","4077068","PENGADMINISTRASI KESEHATAN"
"849","4077069","PENGADMINISTRASI KESEJAHTERAAN"
"850","4077070","PENGADMINISTRASI KESEJAHTERAAN SOSIAL DAN KESEJAHTERAAN PEGAWAI"
"851","4077071","PENGADMINISTRASI KESENIAN"
"852","4077072","PENGADMINISTRASI KETERTIBAN DAN KETENTRAMAN"
"853","4077073","PENGADMINISTRASI KEUANGAN"
"854","4077074","PENGADMINISTRASI KEUANGAN SEKRETARIAT"
"855","4077075","PENGADMINISTRASI KOPERASI NON PERTANIAN"
"856","4077076","PENGADMINISTRASI KOPERASI PERTANIAN"
"857","4077077","PENGADMINISTRASI KURIKULUM"
"858","4077078","PENGADMINISTRASI LABORATORIUM PBF"
"859","4077079","PENGADMINISTRASI LABORATOTIUM APOTIK"
"860","4077080","PENGADMINISTRASI LAPORAN APOTIK"
"861","4077081","PENGADMINISTRASI LAPORAN PBF"
"862","4077082","PENGADMINISTRASI LAYANAN MUTU"
"863","4077083","PENGADMINISTRASI LINGKUNGAN"
"864","4077084","PENGADMINISTRASI MUSIUM DAN KEPURBAKALAAN"
"865","4077085","PENGADMINISTRASI MUTASI DAN PROMOSI"
"866","4077086","PENGADMINISTRASI MUTASI PEGAWAI"
"867","4077087","PENGADMINISTRASI NASKAH DINAS"
"868","4077088","PENGADMINISTRASI NOTA PERHITUNGAN PAJAK RETRIBUSI DAERAH"
"869","4077089","PENGADMINISTRASI OBAT ASLI INDONESIA"
"870","4077090","PENGADMINISTRASI OBAT DAN ALAT KESEHATAN"
"871","4077091","PENGADMINISTRASI OBYEK POTENSI PAD DAN PENDATAAN SUMBER AIR TANAH PENGAIRAN"
"872","4077092","PENGADMINISTRASI OLAH RAGA"
"873","4077093","PENGADMINISTRASI PEIJINAN USAHA PETERNAKAN"
"874","4077094","PENGADMINISTRASI PELAPORAN PENERIMAAN"
"875","4077095","PENGADMINISTRASI PELAPORAN PENGELUARAN"
"876","4077096","PENGADMINISTRASI PELELANGAN"
"877","4077097","PENGADMINISTRASI PEMBANGUNAN BANGUNAN MILIK PEMERINTAH"
"878","4077098","PENGADMINISTRASI PEMBANGUNAN BANGUNAN PELAYANAN UMUM"
"879","4077099","PENGADMINISTRASI PEMBELIAN KEBUTUHAN BARANG"
"880","4077100","PENGADMINISTRASI PEMBINAAN PERANGKAT KELURAHAN"
"881","4077101","PENGADMINISTRASI PEMEGANG BUKUAN"
"882","4077102","PENGADMINISTRASI PEMILIHAN/PENUNJUKAN LANGSUNG"
"883","4077103","PENGADMINISTRASI PENDAFTARAN MAKANAN DAN MINUMAN"
"884","4077104","PENGADMINISTRASI PENDAFTARAN MAKANAN KHUSUS"
"885","4077105","PENGADMINISTRASI PENDAFTARAN PANGAN OLAHAN TERTENTU"
"886","4077106","PENGADMINISTRASI PENDAPATAN PEMBINAAN BENDAHARA"
"887","4077107","PENGADMINISTRASI PENDIDIKAN DAN KEBUDAYAAN"
"888","4077108","PENGADMINISTRASI PENDIDIKAN LUAR SEKOLAH"
"889","4077109","PENGADMINISTRASI PENERBITAN"
"890","4077110","PENGADMINISTRASI PENERIMAAN"
"891","4077111","PENGADMINISTRASI PENERIMAAN BEA IMIGRASI"
"892","4077112","PENGADMINISTRASI PENGAMANAN"
"893","4077113","PENGADMINISTRASI PENGAMANAN DALAM"
"894","4077114","PENGADMINISTRASI PENGAMANAN INSTALASI NUKLIR"
"895","4077115","PENGADMINISTRASI PENGAWAS KAS DAN LAPORAN PETUGAS KEUANGAN PEMBANGUNAN"
"896","4077116","PENGADMINISTRASI PENGAWAS KAS DAN LAPORAN PETUGAS KEUANGAN RUTIN"
"897","4077117","PENGADMINISTRASI PENGELUARAN"
"898","4077118","PENGADMINISTRASI PENGEMBANGAN DAN KESRA"
"899","4077119","PENGADMINISTRASI PENGEMBANGAN PEGAWAI"
"900","4077120","PENGADMINISTRASI PENGGUNAAN DAN PEMELIHARAAN KENDARAAN"
"901","4077121","PENGADMINISTRASI PENGGUNAAN KENDARAAN"
"902","4077122","PENGADMINISTRASI PENGKAJIAN"
"903","4077123","PENGADMINISTRASI PENGUJIAN"
"904","4077124","PENGADMINISTRASI PENILAIAN KOSMETIK"
"905","4077125","PENGADMINISTRASI PENILAIAN KOSMETIK TRADISIONAL"
"906","4077126","PENGADMINISTRASI PENILAIAN MAKANAN"
"907","4077127","PENGADMINISTRASI PENILAIAN OBAT BARU"
"908","4077128","PENGADMINISTRASI PENILAIAN OBAT KOPI"
"909","4077129","PENGADMINISTRASI PENILAIAN OBAT TRADISIONAL"
"910","4077130","PENGADMINISTRASI PENILAIAN PRODUKSI BIOLOGI"
"911","4077131","PENGADMINISTRASI PENILAIAN SUPLAI MAKANAN"
"912","4077132","PENGADMINISTRASI PENYEDIAAN OBAT POLIKLINIK"
"913","4077133","PENGADMINISTRASI PENYIMPANAN BASAN"
"914","4077134","PENGADMINISTRASI PENYULUH"
"915","4077135","PENGADMINISTRASI PERALATAN"
"916","4077136","PENGADMINISTRASI PERATURAN PERUNDANG-UNDANGAN PERIJINAN"
"917","4077137","PENGADMINISTRASI PERAWATAN, PRASARANA DAN SARANA"
"918","4077138","PENGADMINISTRASI PERBEKALAN"
"919","4077139","PENGADMINISTRASI PERDAGANGAN DAN JASA"
"920","4077140","PENGADMINISTRASI PERHITUNGAN PENGELUARAN, PERIJINAN"
"921","4077141","PENGADMINISTRASI PERIJINAN BADAN USAHA"
"922","4077142","PENGADMINISTRASI PERJALANAN"
"923","4077143","PENGADMINISTRASI PERJALANAN DINAS"
"924","4077144","PENGADMINISTRASI PERKARA"
"925","4077145","PENGADMINISTRASI PERLENGKAPAN"
"926","4077146","PENGADMINISTRASI PERLENGKAPAN DINAS"
"927","4077147","PENGADMINISTRASI PERLENGKAPAN KANTOR"
"928","4077148","PENGADMINISTRASI PERMODALAN"
"929","4077149","PENGADMINISTRASI PERPUSTAKAAN"
"930","4077150","PENGADMINISTRASI PETUGAS KESENIAN"
"931","4077151","PENGADMINISTRASI PETUGAS PUTUSAN"
"932","4077152","PENGADMINISTRASI PIUTANG PERBANKAN DAN NON PERBANKAN"
"933","4077153","PENGADMINISTRASI POLIKLINIK"
"934","4077154","PENGADMINISTRASI PP, ORG. PEREMPUAN DAN PARTISIPASI MASYARAKAT"
"935","4077155","PENGADMINISTRASI PRODUK UJI KLINIK"
"936","4077156","PENGADMINISTRASI PROGRAM JAMINAN MUTU"
"937","4077157","PENGADMINISTRASI PROGRAM KOMUNIKASI MEDIA MASA"
"938","4077158","PENGADMINISTRASI PROGRAM PEMBANGUNAN FISIK DAN NON FISIK"
"939","4077159","PENGADMINISTRASI PROGRAM PEMERINTAHAN"
"940","4077160","PENGADMINISTRASI PROGRAM PEMUDA DAN OLAH RAGA"
"941","4077161","PENGADMINISTRASI PROYEK"
"942","4077162","PENGADMINISTRASI RAPAT"
"943","4077163","PENGADMINISTRASI REKOMENDASI"
"944","4077164","PENGADMINISTRASI REN. PEMB. TAMAN, DEKORASI KOTA, REKLAME DAN PENERANGAN JALAN"
"945","4077165","PENGADMINISTRASI ROTASI PEGAWAI"
"946","4077166","PENGADMINISTRASI RUMAH TANGGA"
"947","4077167","PENGADMINISTRASI SAMPEL"
"948","4077168","PENGADMINISTRASI SARANA DAN PRASARANA"
"949","4077169","PENGADMINISTRASI SARANA DAN PRASARANA PEMADAM KEBAKARAN"
"950","4077170","PENGADMINISTRASI SEJARAH DAN NILAI TRADISIONAL"
"951","4077171","PENGADMINISTRASI SIMPAN PINJAM"
"952","4077172","PENGADMINISTRASI SISTEM"
"953","4077173","PENGADMINISTRASI SKO"
"954","4077174","PENGADMINISTRASI SKPP GAJI PEGAWAI"
"955","4077175","PENGADMINISTRASI SLTP"
"956","4077176","PENGADMINISTRASI SMK"
"957","4077177","PENGADMINISTRASI SMU"
"958","4077178","PENGADMINISTRASI SPMU BELANJA PEGAWAI"
"959","4077179","PENGADMINISTRASI SPP DAN PENERTIBAN SPMU ANGGARAN PEMBANGUNAN"
"960","4077180","PENGADMINISTRASI SPP DAN PENERTIBAN SPMU ANGGARAN RUTIN"
"961","4077181","PENGADMINISTRASI SPT MASA SESUAI NPWP"
"962","4077182","PENGADMINISTRASI STANDARISASI KOSMETIK"
"963","4077183","PENGADMINISTRASI STANDARISASI SEDIAAN GALENIK"
"964","4077184","PENGADMINISTRASI SUB DINAS"
"965","4077185","PENGADMINISTRASI SURAT"
"966","4077186","PENGADMINISTRASI SURAT DINAS"
"967","4077187","PENGADMINISTRASI SURAT KEBERATAN DAN BANDING"
"968","4077188","PENGADMINISTRASI TATA GUNA HUTAN"
"969","4077189","PENGADMINISTRASI TATA USAHA KEPEGAWAIAN"
"970","4077190","PENGADMINISTRASI TEKNIK"
"971","4077191","PENGADMINISTRASI TEKNOLOGI BUDIDAYA"
"972","4077192","PENGADMINISTRASI TEKNOLOGI FORMULASI OBAT ASLI INDONESIA"
"973","4077193","PENGADMINISTRASI TENAGA KERJA DAN TRANSMIGRASI"
"974","4077194","PENGADMINISTRASI TK DAN SD"
"975","4077195","PENGADMINISTRASI TU BIRO"
"976","4077196","PENGADMINISTRASI UMUM"
"977","4077197","PENGADMINISTRASI UMUM KEPEGAWAIAN"
"978","4077198","PENGADMINISTRASI UMUM PRODUK HUKUM"
"979","4077199","PENGADMINISTRASI URUSAN DALAM"
"980","4077200","PENGADMINISTRASI URUSAN HARTA PENINGGALAN DAN CATATAN SIPIL"
"981","4077201","PENGADMINISTRASI URUSAN PENGACARA DAN NOTARIS"
"982","4077202","PENGADMINISTRASI USULAN ANGGARAN RUTIN DAN PEMBANGUNAN PADA BAGIAN-BAGIAN"
"983","4077203","PENGADMINISTRASI USULAN PEMBANGUNAN REHABILITASI DAN PEMELIHARAAN BANGUNAN"
"984","4077204","PENGADMINISTRASI USULAN-USULAN PROYEK"
"985","4077205","PENGADMINISTRASI VERIFIKASI ANGGARAN PEMBANGUNAN"
"986","4077206","PENGADMINISTRASI VERIFIKASI ANGGARAN RUTIN"
"987","4077207","PENGADMINISTRASI VERIFIKASI BELANJA PEMBANGUNAN"
"988","4077208","PENGADMINISTRASI VERIFIKASI PAJAK/RETRIBUSI DAERAH"
"989","4077209","PENGADMINISTRASI VERIFIKASI PENDAPATAN DAN BELANJA RUTIN"
"990","4077210","PENGADMINISTRASI KANTOR"
"991","4077211","PENGADMINISTRASI SDM"
"992","4077212","PENGADMINISTRASI LAPORAN"
"993","4077213","PENGADMINISTRASI GUDANG"
"994","4077214","PENGADMINISTRASI KOPERASI"
"995","4077215","PENGADMINISTRASI TATA USAHA SEKOLAH"
"996","4078001","PENGAGENDA"
"997","4078002","PENGAGENDA SURAT KELUAR"
"998","4078003","PENGAGENDA SURAT MASUK"
"999","4079001","PENGAJAR MODUL DIKLAT"
"1000","4079002","PENGAJAR MANAJEMEN"
"1001","4079003","PENGAJAR, PERENCANA ANGGARAN DAN VERIFIKASI"
"1002","4079004","PENGAJAR BAHASA PERANCIS"
"1003","4079005","PENGAJAR BAHASA JERMAN"
"1004","4079006","PENGAJAR, PERENCANAAN UMUM, PEMANTAU, EVALUASI KEPARIWISATAAN PENGEMBANGAN PARIWISATA DTW"
"1005","4079007","PENGAJAR MANAJEMEN PARIWISATA DAN PROMOSI WISATA"
"1006","4079008","PENGAJAR MANAJEMEN PERHOTELAN"
"1007","4079009","PENGAJAR MANAJEMEN SDM"
"1008","4080001","PENGALIH AKSARA"
"1009","4081001","PENGAMAN INSPEKSI FASILITAS TENAGA NUKLIR"
"1010","4081002","PENGAMAN KEDARURATAN NUKLIR"
"1011","4081003","PENGAMAN LEMBAGA PEMASYARAKATAN"
"1012","4082001","PENGAMAT BAKAT DAN MINAT NAPI"
"1013","4082002","PENGAMAT GUNUNG API"
"1014","4082003","PENGAMAT METEOROLOGI DAN GEOFISIKA"
"1015","4082004","PENGAMAT ORGANISME PENGGANGGU TANAMAM"
"1016","4082005","PENGAMAT ARUS SUNGAI DAN HUJAN"
"1017","4082006","PENGAMAT HIDROLOGI"
"1018","4083001","PENGAMBIL SAMPEL"
"1019","4084001","PENGANTAR KERJA"
"1020","4085001","PENGARAH ACARA"
"1021","4085002","PENGARAH RANCANGAN PERUNDANG-UNDANGAN"
"1022","4085003","PENGARAH SURAT"
"1023","4086001","PENGATUR ADM. PENGKAJIAN SIST. DAN TEKN. PENGAWAS FAS. RADIASI DAN Z. RADIOAKTIF"
"1024","4086002","PENGATUR ADMINISTRASI INSPEKSI FASILITAS RADIASI DAN ZAT RADIOAKTIF"
"1025","4086003","PENGATUR ADMINISTRASI INSPEKSI INSTALASI DAN BAHAN NUKLIR"
"1026","4086004","PENGATUR ADMINISTRASI KETEKNIKAN DAN KESIAPSIAGAAN NULKIR"
"1027","4086005","PENGATUR ADMINISTRASI PERIJINAN DAN INSPEKSI"
"1028","4086006","PENGATUR ADMINISTRASI PERIJINAN FASILITAS RADIASI DAN ZAT RADIOAKTIF"
"1029","4086007","PENGATUR ADMINISTRASI PERIJINAN INSTALASI DAN BAHAN NUKLIR"
"1030","4086008","PENGATUR DATA BASE"
"1031","4086009","PENGATUR IJIN BEKERJA PETUGAS FASILITAS RADIASI"
"1032","4086010","PENGATUR LISTRIK"
"1033","4086011","PENGATUR MEKANIK"
"1034","4086012","PENGATUR PENYUSUNAN PROGRAM, DOKUMENTASI ILMIAH, MUTASI JAFUNG"
"1035","4086013","PENGATUR PERALATAN"
"1036","4086014","PENGATUR PERALATAN, STANDAR MUTU"
"1037","4086015","PENGATUR PERIJINAN FASILITAS RADIASI DAN ZAT RADIOAKTIF"
"1038","4086016","PENGATUR PERJALANAN DINAS"
"1039","4086017","PENGATUR PROTOKOL"
"1040","4086018","PENGATUR RUMAH TANGGA"
"1041","4086019","PENGATUR SARANA RUMAH TANGGA"
"1042","4086020","PENGATUR SIPIL"
"1043","4086021","PENGATUR TAMU"
"1044","4086022","PENGATUR TAMBANG, LALIN"
"1045","4088001","PENGELOLA ADMINISTRASI POLIKLINIK"
"1046","4088002","PENGELOLA ADMINISTRASI UMUM"
"1047","4088003","PENGELOLA AKREDITASI LEMBAGA LATIHAN SWASTA"
"1048","4088004","PENGELOLA AKREDITASI LEMBAGA PENDIDIKAN DAN KINERJA KEPALA SEKOLAH"
"1049","4088005","PENGELOLA ANALISIS DAN INFORMASI"
"1050","4088006","PENGELOLA APOTIK"
"1051","4088007","PENGELOLA ARSIP PEGAWAI"
"1052","4088008","PENGELOLA ARSIP PENGUJIAN"
"1053","4088009","PENGELOLA ARSIP SAMPLE"
"1054","4088010","PENGELOLA ARSIP/DOKUMEN"
"1055","4088011","PENGELOLA BAHAN AKADEMIK DAN PENGAJARAN"
"1056","4088012","PENGELOLA BAHAN KERJASAMA"
"1057","4088013","PENGELOLA BAHAN PEMBINAAN KETATALAKSANAAN PELAYANAN PERIJINAN"
"1058","4088014","PENGELOLA BAHAN PENETAPAN STANDAR MUTU"
"1059","4088015","PENGELOLA BAHAN PUBLIKASI HASIL LITBANG"
"1060","4088016","PENGELOLA BANTUAN SOSIAL"
"1061","4088017","PENGELOLA BARANG"
"1062","4088018","PENGELOLA BARANG INVENTARIS"
"1063","4088019","PENGELOLA BASIS DATA"
"1064","4088020","PENGELOLA BERKAS PERKARA"
"1065","4088021","PENGELOLA BINA KESEJAHTERAAN KELUARGA"
"1066","4088022","PENGELOLA DAFTAR CEGAH DAN TANGKAL"
"1067","4088023","PENGELOLA DAFTAR MASUK KELUAR PRODUK PERTANIAN"
"1068","4088024","PENGELOLA DAKTILASCOPI"
"1069","4088025","PENGELOLA DATA ADMINISTRASI PERLENGKAPAN"
"1070","4088026","PENGELOLA DATA ANGGARAN"
"1071","4088027","PENGELOLA DATA BASE SISTEM INFORMASI MANAJEMEN"
"1072","4088028","PENGELOLA DATA DAN EVALUASI SUMBER PENCEMAR"
"1073","4088029","PENGELOLA DATA DISTALASI KOSMETIK"
"1074","4088030","PENGELOLA DATA DISTALASI OBAT TRADISIONAL"
"1075","4088031","PENGELOLA DATA DISTALASI PANGAN"
"1076","4088032","PENGELOLA DATA INVESTASI"
"1077","4088033","PENGELOLA DATA KEPEGAWAIAN"
"1078","4088034","PENGELOLA DATA KEPENDUDUKAN DAN PERTANAHAN"
"1079","4088035","PENGELOLA DATA KURIKULUM DIKLAT"
"1080","4088036","PENGELOLA DATA MODUL DAN SIMULASI DIKLAT"
"1081","4088037","PENGELOLA DATA MUTASI JABATAN FUNGSIONAL"
"1082","4088038","PENGELOLA DATA MUTASI JABATAN STRUKTURAL"
"1083","4088039","PENGELOLA DATA MUTASI PEGAWAI"
"1084","4088040","PENGELOLA DATA PEMBANGUNAN DI WILAYAH KECAMATAN"
"1085","4088041","PENGELOLA DATA PENASEHAT HUKUM"
"1086","4088042","PENGELOLA DATA PENGAWAS"
"1087","4088043","PENGELOLA DATA PENGAWAS OMKABA"
"1088","4088044","PENGELOLA DATA PERJANJIAN DALAM NEGERI"
"1089","4088045","PENGELOLA DATA PERJANJIAN LUAR NEGERI"
"1090","4088046","PENGELOLA DATA PERMOHONAN PERIJINAN IG/TU"
"1091","4088047","PENGELOLA DATA SISTEM JAMINAN MUTU"
"1092","4088048","PENGELOLA DATA UJI KOSMETIK"
"1093","4088049","PENGELOLA DISTALASI OBAT"
"1094","4088050","PENGELOLA DISTRIBUSI SARANA"
"1095","4088051","PENGELOLA DOKUMENTASI"
"1096","4088052","PENGELOLA DP3 DAN ASKES"
"1097","4088053","PENGELOLA EFEK SAMPING OBAT"
"1098","4088054","PENGELOLA EFEK SAMPING OBAT TRADISIONAL, KOSMETIK DAN SUPLEMEN MAKANAN"
"1099","4088055","PENGELOLA FASILITASI DAN MEDIASI IMPOR HASIL USAHA DAN PERDAGANGAN"
"1100","4088056","PENGELOLA FASILITASI DAN MEDIASI PEMBANGUNAN USAHA PERDAGANGAN EKSPOR"
"1101","4088057","PENGELOLA FASILITASI DAN MEDIASI PENGADAAN DAN PENYALURAN HASIL PERDAGANGAN"
"1102","4088058","PENGELOLA FASILITASI DAN MEDIASI PERLINDUNGAN KONSUMEN DAN KEMETROLOGIAN"
"1103","4088059","PENGELOLA FASILITASI DAN MEDIASI USAHA PERDAGANGAN DALAM NEGERI"
"1104","4088060","PENGELOLA GEOGRAPHY INFORMATION SYSTEM"
"1105","4088061","PENGELOLA GUDANG/PERALATAN SURVEY"
"1106","4088062","PENGELOLA HAKI"
"1107","4088063","PENGELOLA HASIL KERJA"
"1108","4088064","PENGELOLA HASIL KERJA TAHANAN"
"1109","4088065","PENGELOLA HUTAN DIKLAT"
"1110","4088066","PENGELOLA INFORMASI PEMASYARAKATAN MINAT BACA"
"1111","4088067","PENGELOLA INFORMASI PERPUSTAKAAN SEKOLAH DAN PERGURUAN TINGGI"
"1112","4088068","PENGELOLA INFORMASI PERPUSTAKAAN UMUM DAN KHUSUS"
"1113","4088069","PENGELOLA INSTALASI AIR DAN GAS"
"1114","4088070","PENGELOLA INSTALASI LISTRIK"
"1115","4088071","PENGELOLA INVENTARIS BAHAN PUSTAKA"
"1116","4088072","PENGELOLA JAMSOSTEK"
"1117","4088073","PENGELOLA KADER KEPEMIMPINAN WANITA"
"1118","4088074","PENGELOLA KALENDER PENDIDIKAN"
"1119","4088075","PENGELOLA KANDANG"
"1120","4088076","PENGELOLA KASUS KERACUNAN"
"1121","4088077","PENGELOLA KAWASAN"
"1122","4088078","PENGELOLA KEARSIPAN DAN DOKUMENTASI"
"1123","4088079","PENGELOLA KEARSIPAN PEMB. PELAYANAN UMUM/BANGUNAN MILIK NEGARA"
"1124","4088080","PENGELOLA KEARSIPAN WARKAH TANAH"
"1125","4088081","PENGELOLA KEBIJAKAN PEMILU"
"1126","4088082","PENGELOLA KEGIATAN IEC/TC"
"1127","4088083","PENGELOLA KEGIATAN ISO/TC"
"1128","4088084","PENGELOLA KEGIATAN RUMAH TANGGA"
"1129","4088085","PENGELOLA KEMITRAAN DAN PERMODALAN USAHA TANI"
"1130","4088086","PENGELOLA KENDARAAN DINAS"
"1131","4088087","PENGELOLA KEPEGAWAIAN"
"1132","4088088","PENGELOLA KEPROTOKOLAN"
"1133","4088089","PENGELOLA KERJASAMA INTERNASIONAL PANGAN DAN NAPZAH"
"1134","4088090","PENGELOLA KERJASAMA INTERNASIONAL PENGAWAS NAPZAH"
"1135","4088091","PENGELOLA KERJASAMA INTERNASIONAL TERAPIK"
"1136","4088092","PENGELOLA KERJASAMA REGIONAL"
"1137","4088093","PENGELOLA KESEJAHTERAAN PEGAWAI"
"1138","4088094","PENGELOLA KESELAMATAN LINGKUNGAN"
"1139","4088095","PENGELOLA KESELAMATAN REAKTOR DAN BAHAN NUKLIR"
"1140","4088096","PENGELOLA KLINIK HEWAN"
"1141","4088097","PENGELOLA KOMPETENSI TENAGA TEKNIS SMU"
"1142","4088098","PENGELOLA KOMPETENSI TENAGA TEKNIS TK/SD"
"1143","4088099","PENGELOLA KOORDINASI PIMPINAN DAERAH"
"1144","4088100","PENGELOLA LABORATORIUM"
"1145","4088101","PENGELOLA LABORATORIUM BAHASA"
"1146","4088102","PENGELOLA LABORATORIUM KESEHATAN DAGING"
"1147","4088103","PENGELOLA LABORATORIUM KESEHATAN HEWAN"
"1148","4088104","PENGELOLA LABORATORIUM KESEHATAN SUSU DAN TELUR"
"1149","4088105","PENGELOLA LABORATORIUM PENGUJI MUTU HASIL PERIKANAN"
"1150","4088106","PENGELOLA LABORATORIUM PENGUJIAN KOMODITI TANAMAN PANGAN DAN HORTIKULTURA"
"1151","4088107","PENGELOLA LAYANAN ADMINISTRASI KEUANGAN"
"1152","4088108","PENGELOLA LAYANAN INFORMASI KONSUMEN"
"1153","4088109","PENGELOLA LAYANAN SIRKULASI, REFERENSI DAN AUDIO VISUAL SERTA EKSTENSI"
"1154","4088110","PENGELOLA MASALAH PEREKONOMIAN"
"1155","4088111","PENGELOLA MESIN PENDINGIN"
"1156","4088112","PENGELOLA MINAT BACA DAN PROMOSI PERPUSTAKAAN"
"1157","4088113","PENGELOLA PANGKALAN DATA PERPUSTAKAAN"
"1158","4088114","PENGELOLA PANTI"
"1159","4088115","PENGELOLA PELELANGAN PENETAPAN BANGUNAN MILIK PEMERINTAH"
"1160","4088116","PENGELOLA PEMBINAAN APARATUR DAN ADMINISTRASI KECAMATAN"
"1161","4088117","PENGELOLA PEMBINAAN APARATUR DAN ADMINISTRASI KELURAHAN"
"1162","4088118","PENGELOLA PEMBINAAN KESATUAN BANGSA"
"1163","4088119","PENGELOLA PEMBINAAN KETENTRAMAN DAN KETERTIBAN WILAYAH"
"1164","4088120","PENGELOLA PEMBINAAN PEKERJAAN SOSIAL MASYARAKAT"
"1165","4088121","PENGELOLA PEMBINAAN SUMBANGAN SOSIAL DAN UNDIAN"
"1166","4088122","PENGELOLA PEMBINAAN SUMBANGAN SOSIAL MASYARAKAT"
"1167","4088123","PENGELOLA PEMBINAAN TERHADAP APARAT DAN ANGGOTA PRAJA"
"1168","4088124","PENGELOLA PEMELIHARAAN KONSERVASI LINGKUNGAN DAN KAWASAN KONSERVASI"
"1169","4088125","PENGELOLA PEMILU DAN PENCATAT KEBERADAAN RT DAN RW"
"1170","4088126","PENGELOLA PENATA SARANA DAN PRASARANA"
"1171","4088127","PENGELOLA PENATAAN DAN PENGEMBANGAN LEMBAGA MASYARAKAT"
"1172","4088128","PENGELOLA PENATAAN SISTEM DOKUMENTASI IMB"
"1173","4088129","PENGELOLA PENCEMARAN TANAH"
"1174","4088130","PENGELOLA PENCEMARAN UDARA SUMBER BERGERAK"
"1175","4088131","PENGELOLA PENCEMARAN UDARA SUMBER TIDAK BERGERAK"
"1176","4088132","PENGELOLA PENERBITAN CPP"
"1177","4088133","PENGELOLA PENGADAAN PLAT NOMOR PEMBANGUNAN DAN PAPAN PROYEK"
"1178","4088134","PENGELOLA PENGEMBANGAN KURIKULUM"
"1179","4088135","PENGELOLA PENGEMUDI"
"1180","4088136","PENGELOLA PENGENDALI BAHAN EVALUASI DIKLAT"
"1181","4088137","PENGELOLA PENGESAHAN PERUSAHAAN"
"1182","4088138","PENGELOLA PENGKAJIAN PERUNDANG-UNDANGAN"
"1183","4088139","PENGELOLA PENILAIAN KOPERASI DAN FASILITAS JARINGAN USAHA"
"1184","4088140","PENGELOLA PENYALURAN ANTAR KERJA AKL, AKD, AKAN"
"1185","4088141","PENGELOLA PENYALURAN DAN PENEMPATAN KERJA PENYANDANG CACAT DAN LANSIA"
"1186","4088142","PENGELOLA PENYALURAN MODAL DAN FASILITAS JARINGAN USAHA"
"1187","4088143","PENGELOLA PENYEBARAN TERNAK-TERNAK PEMERINTAH"
"1188","4088144","PENGELOLA PENYUSUNAN PEDOMAN UJIAN PERSAMAAN"
"1189","4088145","PENGELOLA PERALATAN DAN PERLENGKAPAN"
"1190","4088146","PENGELOLA PERALATAN DIKLAT"
"1191","4088147","PENGELOLA PERIJINAN DAN REKOMENDASI"
"1192","4088148","PENGELOLA PERIJINAN LEMBAGA LATIHAN SWASTA"
"1193","4088149","PENGELOLA ADMINISTRASI SMP"
"1194","4088150","PENGELOLA PERIJINAN TKWNAP"
"1195","4088151","PENGELOLA PERIKATAN HUKUM"
"1196","4088152","PENGELOLA PERJALANAN DINAS"
"1197","4088153","PENGELOLA PERKEMBANGAN TRANTIB"
"1198","4088154","PENGELOLA PERLENGKAPAN DAN RUMAH TANGGA"
"1199","4088155","PENGELOLA PERLENGKAPAN SESUAI RKBU"
"1200","4088156","PENGELOLA PERMOHONAN PENDIRIAN BURSA KERJA"
"1201","4088157","PENGELOLA PERPUSTAKAAN"
"1202","4088158","PENGELOLA PERSONIL DAN PENGEMBANGAN KECAMATAN"
"1203","4088159","PENGELOLA PKK"
"1204","4088160","PENGELOLA POLIKLINIK"
"1205","4088161","PENGELOLA PRASARANA TAMAN"
"1206","4088162","PENGELOLA PROGRAM"
"1207","4088163","PENGELOLA PROGRAM DIKLAT"
"1208","4088164","PENGELOLA RANCANGAN KEPUTUSAN"
"1209","4088165","PENGELOLA RANCANGAN PERDA"
"1210","4088166","PENGELOLA RENCANA DAN EVALUSI PROGRAM"
"1211","4088167","PENGELOLA RENCANA USULAN REHABILITASI PEMBANGUNAN SD/MI"
"1212","4088168","PENGELOLA RUMAH KACA"
"1213","4088169","PENGELOLA SAMPEL PENGUJIAN"
"1214","4088170","PENGELOLA SARANA ANGKUTAN"
"1215","4088171","PENGELOLA SARANA BELAJAR MANDIRI"
"1216","4088172","PENGELOLA SARANA DAN PRASARANA RUMGA DINAS"
"1217","4088173","PENGELOLA SARANA DAN PRASARANA TEKNIK PENYEHATAN LINGKUNGAN PERUMAHAN"
"1218","4088174","PENGELOLA SARANA DIKLAT"
"1219","4088175","PENGELOLA SARANA DISTALASI NAPZA"
"1220","4088176","PENGELOLA SARANA LABORATORIUM"
"1221","4088177","PENGELOLA SARANA PEMASARAN IKAN"
"1222","4088178","PENGELOLA SARANA PEMBIBITAN TANAMAN"
"1223","4088179","PENGELOLA SARANA TAMAN"
"1224","4088180","PENGELOLA SENGKETA PERADILAN TUN"
"1225","4088181","PENGELOLA SENGKETA PERADILAN UMUM"
"1226","4088182","PENGELOLA SIDANG LEMBAGA KERJASAMA TRIPARIT"
"1227","4088183","PENGELOLA SISTEM"
"1228","4088184","PENGELOLA SISTEM METODE PENDIDIKAN/BAHAN BELAJAR"
"1229","4088185","PENGELOLA SKRPD, SKRDKB"
"1230","4088186","PENGELOLA TAMAN DAN KEBERSIHAN"
"1231","4088187","PENGELOLA TEKNOLOGI INFORMASI"
"1232","4088188","PENGELOLA TENAGA KERJA WANITA, ANAK DAN JAMINAN KESEHATAN"
"1233","4088189","PENGELOLA URUSAN ADMINISTRASI JABATAN FUNGSIONAL"
"1234","4088190","PENGELOLA URUSAN AGAMA"
"1235","4088191","PENGELOLA URUSAN ANALIS KETATALAKSANAAN"
"1236","4088192","PENGELOLA URUSAN DALAM PERKANTORAN"
"1237","4088193","PENGELOLA URUSAN EVALUASI DAN PENGEMBANGAN KLB"
"1238","4088194","PENGELOLA URUSAN KEBUDAYAAN"
"1239","4088195","PENGELOLA URUSAN KESEHATAN MASYARAKAT"
"1240","4088196","PENGELOLA URUSAN OLAH RAGA"
"1241","4088197","PENGELOLA URUSAN PAM"
"1242","4088198","PENGELOLA URUSAN PEMBINAAN SOSIAL"
"1243","4088199","PENGELOLA URUSAN PEMUDA"
"1244","4088200","PENGELOLA URUSAN PENDIDIKAN"
"1245","4088201","PENGELOLA URUSAN TAMPILAN DATA"
"1246","4088202","PENGELOLA URUSAN TATA KERJA DAN METODA"
"1247","4088203","PENGELOLA URUSAN TATA USAHA"
"1248","4088204","PENGELOLA URUSAN TEKNIK"
"1249","4088205","PENGELOLA URUSAN VERIVIKASI DATA"
"1250","4088206","PENGELOLA USAHA KEMITRAAN ARGO INDUSTRI"
"1251","4088207","PENGELOLA USAHA KEMITRAAN PERANGKAT DAN INSTRUMENTASI"
"1252","4088208","PENGELOLA USAHA KEMITRAAN TEKNOLOGI PROSES DAN INDUSTRI"
"1253","4088209","PENGELOLA LAHAN PRAKTEK"
"1254","4088210","PENGELOLA BENGKEL LATIH"
"1255","4088211","PENGELOLA INSTALASI LABORATORIUM"
"1256","4088212","PENGELOLA STASIUN PENELITIAN"
"1257","4088213","PENGELOLA DATA TATA BATAS"
"1258","4088214","PENGELOLA PERSEMAIAN DAN PENANAMAN"
"1259","4088215","PENGELOLA SISTEM INFORMASI"
"1260","4088216","PENGELOLA URUSAN INTENSIFIKASI"
"1261","4088217","PENGELOLA PETERNAKAN DAN PAKAN TERNAK"
"1262","4088218","PENGELOLA PUBLIKASI HUKUM"
"1263","4088219","PENGELOLA SUMBERDAYA KEHUTANAN"
"1264","4088220","PENGELOLA KEUANGAN"
"1265","4088221","PENGELOLA ALAT BERAT"
"1266","4088222","PENGELOLA URUSAN DISPORA"
"1267","4088223","PENGELOLA URUSAN TAMBANG DAN WISATA"
"1268","4088224","PENGELOLA ACARA/PRESENTER INVESTASI ASING"
"1269","4088225","PENGELOLA KAWASAN WISATA"
"1270","4088226","PENGELOLA LAYANAN WISATA SEJARAH"
"1271","4088227","PENGELOLA LAYANAN MESS EKSEKUTIF"
"1272","4088228","PENGELOLA DATA INFORMASI"
"1273","4089001","PENGEMBANG ATLAS"
"1274","4089002","PENGEMBANG IKLIM PENANAMAN MODAL"
"1275","4089003","PENGEMBANG PETERNAKAN"
"1276","4089004","PENGEMBANG TEKNOLOGI INDUSTRI PRODUKSI"
"1277","4090001","PENGEMUDI (MASINIS)"
"1278","4090002","PENGEMUDI (NAHKODA KAPAL)"
"1279","4090003","PENGEMUDI (NAKHODA KAPAL KELAS 1)"
"1280","4090004","PENGEMUDI (PILOT)"
"1281","4090005","PENGEMUDI (SUPIR)"
"1282","4090006","PENGEMUDI BIS"
"1283","4090007","PENGEMUDI AMBULAN"
"1284","4090008","PENGEMUDI PEMADAM KEBAKARAN"
"1285","4091001","PENGENDALI DAMPAK LINGKUNGAN"
"1286","4091002","PENGENDALI EKOSISTEM HUTAN"
"1287","4091003","PENGENDALI FORMASI, KP, MLL, PMK"
"1288","4091004","PENGENDALI FORMULIR MUTASI PEGAWAI"
"1289","4091005","PENGENDALI FREKUENSI RADIO"
"1290","4091006","PENGENDALI GANGGUAN ANCAMAN DAN BAHAYA"
"1291","4091007","PENGENDALI HAMA DAN PENYAKIT IKAN"
"1292","4091008","PENGENDALI KEBUTUHAN DIKLAT"
"1293","4091009","PENGENDALI LAPORAN PETUGASAN RENCANA DAN PROGRAM"
"1294","4091010","PENGENDALI ORGANISME PENGGANGGU TUMBUHAN"
"1295","4091011","PENGENDALI PENANAMAN MODAL"
"1296","4091012","PENGENDALI PEREDARAN BARANG DAN BAHAN YANG MUDAH TERBAKAR"
"1297","4091013","PENGENDALI PETUGASAN TUGAS-TUGAS"
"1298","4091014","PENGENDALI SISTEM DAN DIKLAT"
"1299","4091015","PENGENDALI SURAT"
"1300","4091016","PENGENDALI MUTU LINGKUNGAN"
"1301","4091017","PENGENDALI ORGANISME TANAMAN"
"1302","4091018","PENGENDALI DATA LAPORAN"
"1303","4091019","PENGENDALI KUALITAS PELAYANAN"
"1304","4091020","PENGENDALI KUALITAS KES. SEXUAL"
"1305","4091021","PENGENDALI KUALITAS PEL. KB"
"1306","4091022","PENGENDALI KUALITAS PENCEGAHAN HIV/AIDS"
"1307","4091023","PENGENDALI HAMA PENYAKIT"
"1308","4092001","PENGETIK AGENDA SURAT"
"1309","4092002","PENGETIK LAPORAN"
"1310","4092003","PENGETIK PENETAPAN PEGAWAI"
"1311","4093001","PENGEVALUASI ADMINISTRASI BIDANG POSTEL"
"1312","4093002","PENGEVALUASI BIMBINGAN KEMASYARAKATAN"
"1313","4093003","PENGEVALUASI BIMBINGAN KERJA"
"1314","4093004","PENGEVALUASI BIMBINGAN KLIEN ANAK"
"1315","4093005","PENGEVALUASI DAN PENGANALISA KAPASITAS AU"
"1316","4093006","PENGEVALUASI DAN PENGANALISA TRANS. UDARA BANTUAN HUKUM"
"1317","4093007","PENGEVALUASI DATA PERENCANAAN PEGAWAI"
"1318","4093008","PENGEVALUASI GEOTERMAL"
"1319","4093009","PENGEVALUASI HASIL ASESMEN LS PRODUK, LEMBAGA PELATIHAN, LS PERSONEL DAN LS HALAL"
"1320","4093010","PENGEVALUASI HASIL PEMBANGUNAN"
"1321","4093011","PENGEVALUASI KEGIATAN BIDANG IDIOLOGI DAN WAWASAN KEBANGSAAN"
"1322","4093012","PENGEVALUASI KEGIATAN BIDANG SOSIAL BUDAYA MASYARAKAT"
"1323","4093013","PENGEVALUASI KEGIATAN KINERJA PEMBANGUNAN"
"1324","4093014","PENGEVALUASI KEGIATAN PEMANFAATAN PEMBANGUNAN"
"1325","4093015","PENGEVALUASI KEGIATAN PROGRAM"
"1326","4093016","PENGEVALUASI KERJASAMA KEARSIPAN"
"1327","4093017","PENGEVALUASI KINERJA KEPALA SEKOLAH"
"1328","4093018","PENGEVALUASI LAPORAN PENGAMANAN"
"1329","4093019","PENGEVALUASI LAPORAN PETUGASAN PROGRAM PENYUSUNAN PERATURAN PER-UU AN"
"1330","4093020","PENGEVALUASI MASALAH IDIOLOGI"
"1331","4093021","PENGEVALUASI PENGURUSAN ARSIP"
"1332","4093022","PENGEVALUASI PERENCANAAN PARIWISATA"
"1333","4093023","PENGEVALUASI PERENCANAAN PENGAWAS PEMBANGUNAN"
"1334","4093024","PENGEVALUASI PERENCANAAN PROGRAM PELAYANAN INFORMASI RENCANA KOTA"
"1335","4093025","PENGEVALUASI PERENCANAAN PROGRAM PEREMAJAAN DAN PENGEMBANGAN KOTA"
"1336","4093026","PENGEVALUASI PERIKATAN HUKUM"
"1337","4093027","PENGEVALUASI PERKEMBANGAN BUMD"
"1338","4093028","PENGEVALUASI PETUGAS KETATAUSAHAAN KEUANGAN"
"1339","4093029","PENGEVALUASI PETUGASAN ORGANISASI DAN TATA KERJA PENGADILAN"
"1340","4093030","PENGEVALUASI PETUGASAN PEMBINAAN DAN PENGEMBANGAN"
"1341","4093031","PENGEVALUASI PETUGASAN PROGRAM"
"1342","4093032","PENGEVALUASI PETUGASAN RENCANA DAN PROGRAM"
"1343","4093033","PENGEVALUASI PETUGASAN TUGAS HARMONISASI BIDANG POLKAM"
"1344","4093034","PENGEVALUASI PRODUK HUKUM DAERAH"
"1345","4093035","PENGEVALUASI PROGRAM"
"1346","4093036","PENGEVALUASI PROGRAM KONSERVASI LINGKUNGAN HIDUP"
"1347","4093037","PENGEVALUASI PROGRAM KONSERVASI SUMBER DAYA ALAM"
"1348","4093038","PENGEVALUASI PROGRAM PERENCANAAN TEKNIS"
"1349","4093039","PENGEVALUASI RENCANA DAN PROGRAM"
"1350","4093040","PENGEVALUASI RENCANA DAN PROGRAM KERJA"
"1351","4093041","PENGEVALUASI LIFTING MINYAK DAN GAS BUMI"
"1352","4094001","PENGGANDA BUKU"
"1353","4094002","PENGGANDA DOKUMENTASI"
"1354","4094003","PENGGANDA SURAT"
"1355","4095001","PENGGERAK SWADAYA MASYARAKAT"
"1356","4096001","PENGHIMPUN AD, ART, DAN SUSUNAN PENGURUS ORMAS DAN ORGANISASI PROFESI"
"1357","4096002","PENGHIMPUN BAHAN KERJASAMA ANTAR NEGARA"
"1358","4096003","PENGHIMPUN BAHAN KERJASAMA INTERNASIONAL"
"1359","4096004","PENGHIMPUN BAHAN LAPORAN PETUGASAN PENGAJARAN"
"1360","4096005","PENGHIMPUN BAHAN PEMEGANG BUKUAN"
"1361","4096006","PENGHIMPUN BAHAN PENYUSUNAN NOTA KEUANGAN"
"1362","4096007","PENGHIMPUN DATA"
"1363","4096008","PENGHIMPUN DATA ANGGARAN RUTIN"
"1364","4096009","PENGHIMPUN DATA BIDANG MOTIVASI"
"1365","4096010","PENGHIMPUN DATA BIDANG TEKNOLOGI TEPAT GUNA"
"1366","4096011","PENGHIMPUN DATA DAN INFORMASI"
"1367","4096012","PENGHIMPUN DATA HASIL PENELITIAN"
"1368","4096013","PENGHIMPUN DATA INFO STATUS BARANG PERLENGKAPAN"
"1369","4096014","PENGHIMPUN DATA INFORMASI KEIMIGRASIAN"
"1370","4096015","PENGHIMPUN DATA NOTARIS DAN JASA HUKUM"
"1371","4096016","PENGHIMPUN DATA PEMANTAU"
"1372","4096017","PENGHIMPUN DATA PERKARA DAN PENASEHAT HUKUM"
"1373","4096018","PENGHIMPUN DATA PETUGAS PEMBERI KUASA VISA"
"1374","4096019","PENGHIMPUN DATA RENCANA ANGGARAN PEMBANGUNAN"
"1375","4096020","PENGHIMPUN DATA SISWA DIKLAT TEKNIS"
"1376","4096021","PENGHIMPUN DOKUMENTASI"
"1377","4096022","PENGHIMPUN INFORMASI HARGA PERLENGKAPAN"
"1378","4096023","PENGHIMPUN KARTU PUTUSAN PENGADILAN PIDANA"
"1379","4096024","PENGHIMPUN LAPORAN PETUGASAN PROGRAM"
"1380","4096025","PENGHIMPUN PENERBITAN ORGANISASI PROFESI INTERNASIONAL"
"1381","4096026","PENGHIMPUN PENYIAPAN BAHAN REPELITA"
"1382","4096027","PENGHIMPUN PENYUSUN DAN PEMELIHARAAN PP"
"1383","4096028","PENGHIMPUN PERPU"
"1384","4096029","PENGHIMPUN PERUNDANG-UNDANGAN"
"1385","4096030","PENGHIMPUN PRODUK HUKUM DARI NEGERI LAIN"
"1386","4096031","PENGHIMPUN PUTUSAN PERKARA PERDATA DAN TUN"
"1387","4096032","PENGHIMPUN TENAGA BANTUAN PEMADAM KEBAKARAN BEKERJASAMA DENGAN INDUSTRI LAIN"
"1388","4097001","PENGHITUNG BIAYA PERIJINAN"
"1389","4098001","PENGHUBUNG KE INSTANSI VERTIKAL"
"1390","4098002","PENGHUBUNG KE LP DAN MASYARAKAT"
"1391","4098003","PENGHUBUNG LEMBAGA NEGARA DAN PEMERINTAH"
"1392","4098004","PENGHUBUNG MEDIA"
"1393","4098005","PENGHUBUNG ORGANISASI MASA DAN ORGANISASI PROFESI"
"1394","4098006","PENGHUBUNG ANTAR LEMBAGA"
"1395","4099001","PENGIDENTIFIKASI DAERAH RAWAN BENCANA DAN ALUR LOGISTIK"
"1396","4100001","PENGINVENTARIS BARANG"
"1397","4100002","PENGINVENTARIS BIBIT TERNAK UNGGULAN"
"1398","4100003","PENGINVENTARIS DATA HASIL PENERAPAN AMDAL, UKL/UPL, DPL, KLS DAN SPPL"
"1399","4100004","PENGINVENTARIS DATA TARIF LISTRIK"
"1400","4100005","PENGINVENTARIS FOTO, VIDIO DAN FILM"
"1401","4100006","PENGINVENTARIS KEMANFAATAN OBAT ASLI INDONESIA"
"1402","4100007","PENGINVENTARIS OBAT ASLI INDONESIA"
"1403","4100008","PENGINVENTARIS PERLENGKAPAN"
"1404","4100009","PENGINVENTARIS PUSTAKA"
"1405","4100010","PENGINVENTARIS SARANA KERJA"
"1406","4100011","PENGINVENTARIS BARANG DAN ATK"
"1407","4100012","PENGINVENTARIS LAPORAN HASIL KERJA"
"1408","4101001","PENGKAJI ASPEK YURIDIS RANCANGAN PRODUK HUKUM PERUNDANG-UNDANGAN"
"1409","4101002","PENGKAJI BIDANG EKONOMI"
"1410","4101003","PENGKAJI BIDANG HUKUM"
"1411","4101004","PENGKAJI BIDANG PERTANIAN"
"1412","4101005","PENGKAJI BIDANG POLITIK"
"1413","4101006","PENGKAJI BIDANG SOSIAL"
"1414","4101007","PENGKAJI DAN PENGAWAS"
"1415","4101008","PENGKAJI DATA GUNUNG API"
"1416","4101009","PENGKAJI DATA PENGEMBANGAN SISTEM KEARSIPAN"
"1417","4101010","PENGKAJI DATA STATUS BARANG"
"1418","4101011","PENGKAJI EFEK SAMPING OBAT"
"1419","4101012","PENGKAJI HASIL MONITORING"
"1420","4101013","PENGKAJI KEBIJAKAN PERATURAN ENERGI"
"1421","4101014","PENGKAJI KEBUTUHAN PEMBERDAYAAN PEREMPUAN"
"1422","4101015","PENGKAJI KUASA PERTAMBANGAN"
"1423","4101016","PENGKAJI MASALAH STRATEGI DAERAH"
"1424","4101017","PENGKAJI MODEL EKONOMI ENERGI"
"1425","4101018","PENGKAJI MUTU"
"1426","4101019","PENGKAJI OPERATOR BIDANG POSTEL"
"1427","4101020","PENGKAJI REKLAMASI BEKAS TAMBANG"
"1428","4101021","PENGKAJI STABILITAS HARGA"
"1429","4101022","PENGKAJI STANDAR KETENAGALISTRIKAN"
"1430","4101023","PENGKAJI TRANSPORTASI DARAT"
"1431","4101024","PENGKAJI DAN PERENCANA BIDANG KEBUDAYAAN"
"1432","4101025","PENGKAJI PEREKONOMIAN PEDESAAN"
"1433","4101026","PENGKAJI PEMBERDAYAAN MASYARAKAT"
"1434","4102001","PENGKOREKSI ARSIP FISIK"
"1435","4102002","PENGKOREKSI PETUGASAN SISTEM KEARSIPAN"
"1436","4103001","PENGOLAH ASPAL"
"1437","4103002","PENGOLAH BAHAN ANALISIS DAN PENYAJI DATA"
"1438","4103003","PENGOLAH BAHAN PENERBITAN BUKU KEPUTUSAN"
"1439","4103004","PENGOLAH BAHAN PENERBITAN HIMPUNAN KEPUTUSAN"
"1440","4103005","PENGOLAH BAHAN PUSTAKA"
"1441","4103006","PENGOLAH BAHAN RAPAT"
"1442","4103007","PENGOLAH BAHAN SWAKELOLA"
"1443","4103008","PENGOLAH BARANG"
"1444","4103009","PENGOLAH BERKAS PERMOHONAN"
"1445","4103010","PENGOLAH DAFTAR CEGAH TANGKAL"
"1446","4103011","PENGOLAH DAN PENYAJI DATA PENANGANAN TINDAK LANJUT HASIL PEMERIKSAAN"
"1447","4103012","PENGOLAH DAN PENYAJI DATA PROGRAM DIKLAT"
"1448","4103013","PENGOLAH DATA / ANALISIS DATA"
"1449","4103014","PENGOLAH DATA ADMINISTRASI PEGAWAI"
"1450","4103015","PENGOLAH DATA AKTA KELAHIRAN"
"1451","4103016","PENGOLAH DATA AKTA PERKAWINAN DAN PERCERAIAN"
"1452","4103017","PENGOLAH DATA ANALIS FORMASI JABATAN"
"1453","4103018","PENGOLAH DATA ANALIS JABATAN"
"1454","4103019","PENGOLAH DATA ANEKA WISATA"
"1455","4103020","PENGOLAH DATA ANGGARAN DASAR KOPERASI"
"1456","4103021","PENGOLAH DATA ANGGARAN PEMBANGUNAN"
"1457","4103022","PENGOLAH DATA ANGGARAN RUTIN"
"1458","4103023","PENGOLAH DATA ARSIP INAKTIF"
"1459","4103024","PENGOLAH DATA ARSIP PERIJINAN YANG TELAH DITETAPKAN"
"1460","4103025","PENGOLAH DATA ARSITEKTUR SIPIL DAN PLANOLOGI"
"1461","4103026","PENGOLAH DATA ASET DAERAH MILIK PEMDA"
"1462","4103027","PENGOLAH DATA BAHAN EVALUASI DAN DOKUMENTASI DAN PERIJINAN"
"1463","4103028","PENGOLAH DATA BAHAN EVALUASI DAN DOKUMENTASI PERIJINAN"
"1464","4103029","PENGOLAH DATA BAHAN EVALUASI DAN PELAPORAN"
"1465","4103030","PENGOLAH DATA BAHAN INFO. PROGRAM PEMERINTAH, PEMB. & PEMBERDAYAAN MASYARAKAT"
"1466","4103031","PENGOLAH DATA BAHAN INFORMASI MOBILE"
"1467","4103032","PENGOLAH DATA BAHAN INFORMASI PENYULUHAN"
"1468","4103033","PENGOLAH DATA BAHAN PENATAAN BANGUNAN LAINNYA"
"1469","4103034","PENGOLAH DATA BAHAN PENATAAN BANGUNAN MILIK PEMERINTAH"
"1470","4103035","PENGOLAH DATA BAHAN PENATAAN PELAYANAN UMUM"
"1471","4103036","PENGOLAH DATA BAHAN PENETAPAN PERSETUJUAN DOK. AMDAL, UKL/UPL & DPL"
"1472","4103037","PENGOLAH DATA BAHAN PENGKAJIAN DAN PEMBAHASAN STUDI AMDAL, UKL/UPL & DPL"
"1473","4103038","PENGOLAH DATA BAHAN PENILAIAN DOK. AMDAL, UKL/UPL & DPL"
"1474","4103039","PENGOLAH DATA BAHAN PENYUSUNAN ANGGARAN"
"1475","4103040","PENGOLAH DATA BAHAN PERENCANAAN"
"1476","4103041","PENGOLAH DATA BAHAN PERENCANAAN DAN EVALUASI PROGRAM PENGUSUTAN BANGUNAN"
"1477","4103042","PENGOLAH DATA BAHAN PETUGASAN PEMBANGUNAN BANGUNAN LAINNYA"
"1478","4103043","PENGOLAH DATA BAHAN PETUGASAN PEMBANGUNAN BANGUNAN MILIK PEMERINTAH"
"1479","4103044","PENGOLAH DATA BAHAN PETUGASAN PEMBANGUNAN BANGUNAN PELAYANAN UMUM"
"1480","4103045","PENGOLAH DATA BAHAN PETUNJUK HUKUM PERDATA DAN PEMULIHAN HAK"
"1481","4103046","PENGOLAH DATA BAHAN SOSIAL PERATURAN PER-UU LINGKUNGAN HIDUP"
"1482","4103047","PENGOLAH DATA BAHAN TATA RUANG DAN TATA GUNA LAHAN"
"1483","4103048","PENGOLAH DATA BAHAN UNTUK DEMOKRATISASI DAN PEMILU"
"1484","4103049","PENGOLAH DATA BAHAN UNTUK IDEOLOGI DAN WAWASAN KEBANGSAAN"
"1485","4103050","PENGOLAH DATA BAHAN UNTUK KEPERLUAN ANALIS JABATAN"
"1486","4103051","PENGOLAH DATA BAHAN UNTUK PEMBINAAN K3"
"1487","4103052","PENGOLAH DATA BAHAN UNTUK PERENCANAAN PROGRAM ADMINISTRASI PERIJINAN"
"1488","4103053","PENGOLAH DATA BAHAN UNTUK PERENCANAAN PROGRAM MEDIA MASA"
"1489","4103054","PENGOLAH DATA BAHAN UNTUK PROGRAM BIMBINGAN DAN PENYULUHAN"
"1490","4103055","PENGOLAH DATA BAHAN UNTUK RENCANA PENANGGULANGAN BENCANA"
"1491","4103056","PENGOLAH DATA BAHAN UNTUK USAHA EKONOMI RAKYAT"
"1492","4103057","PENGOLAH DATA BANGUNAN DAN LINGKUNGAN KONSERVASI, PEREMAJAAN & PENGEB. KAWASAN"
"1493","4103058","PENGOLAH DATA BANTUAN PETUGAS TEKNIK"
"1494","4103059","PENGOLAH DATA BARANG"
"1495","4103060","PENGOLAH DATA BEKAS PENGUSUTAN PEMBANGUNAN"
"1496","4103061","PENGOLAH DATA BIDANG PARIWISATA"
"1497","4103062","PENGOLAH DATA BIMBINGAN DAN KESELAMATAN BERLALU LINTAS"
"1498","4103063","PENGOLAH DATA BINA BENDAHARAWAN"
"1499","4103064","PENGOLAH DATA CALON TRANSMIGRASI"
"1500","4103065","PENGOLAH DATA DAERAH RAWAN KEBAKARAN"
"1501","4103066","PENGOLAH DATA DAFTAR KEBIJAKAN PROG. PEMBANGUNAN FISIK DAN NON FISIK"
"1502","4103067","PENGOLAH DATA DAN INFORMASI"
"1503","4103068","PENGOLAH DATA DAN PENGAGENDA SURAT SARANA DAN PRASARANA"
"1504","4103069","PENGOLAH DATA DAN URUSAN DATA"
"1505","4103070","PENGOLAH DATA DATA BASE PERIJINAN"
"1506","4103071","PENGOLAH DATA DISIPLIN PEGAWAI"
"1507","4103072","PENGOLAH DATA DISTRIBUSI DAN PENGHAPUSAN BARANG"
"1508","4103073","PENGOLAH DATA DOKUMENTASI"
"1509","4103074","PENGOLAH DATA DOKUMENTASI DAN DATA NON FISIK"
"1510","4103075","PENGOLAH DATA DOKUMENTASI DIKLAT"
"1511","4103076","PENGOLAH DATA DOKUMENTASI HASIL PENGUKURAN"
"1512","4103077","PENGOLAH DATA DP-3"
"1513","4103078","PENGOLAH DATA DUK DAN TATA NASKAH"
"1514","4103079","PENGOLAH DATA EKSPOR HASIL USAHA INDUSTRI DAN USAHA PERDAGANGAN"
"1515","4103080","PENGOLAH DATA EKSTENSIFIKASI DAN INTENSIFIKASI PENDAPATAN PASAR"
"1516","4103081","PENGOLAH DATA EKSTENSIFIKASI DAN INTENSIFIKASI PERIJINAN PASAR"
"1517","4103082","PENGOLAH DATA FASILITAS DAN MEDIASI PERLINDUNGAN KONSUMEN DAN KEMETROLOGIAN"
"1518","4103083","PENGOLAH DATA FASILITAS SOSIAL UMUM"
"1519","4103084","PENGOLAH DATA FORMASI JABATAN"
"1520","4103085","PENGOLAH DATA GEODESI"
"1521","4103086","PENGOLAH DATA HASIL PENERAPAN AMDAL, UKL/UPL, DPL, KLS, SPPL"
"1522","4103087","PENGOLAH DATA HASIL PENGUKURAN"
"1523","4103088","PENGOLAH DATA HASIL SURVEY DAN GAMBAR RENCANA PEMB. PERUM & PRAS. LINGKUNGAN"
"1524","4103089","PENGOLAH DATA HIMPUNAN PERATURAN PER UU HUBUNGAN ANTAR LEMBAGA"
"1525","4103090","PENGOLAH DATA HIMPUNAN PERATURAN PER UU PEMERINTAH KECAMATAN"
"1526","4103091","PENGOLAH DATA HUBUNGAN ANTAR LEMBAGA"
"1527","4103092","PENGOLAH DATA IDENTIFIKASI DAN PERUMUSAN PROGRAM"
"1528","4103093","PENGOLAH DATA IMPOR HASIL USAHA INDUSTRI DAN PERDAGANGAN"
"1529","4103094","PENGOLAH DATA INDUSTRI"
"1530","4103095","PENGOLAH DATA INDUSTRI ARGO DAN HASIL HUTAN"
"1531","4103096","PENGOLAH DATA INDUSTRI ELEKTRONIKA DAN ANEKA"
"1532","4103097","PENGOLAH DATA INDUSTRI KIMA PULP DAN KERTAS"
"1533","4103098","PENGOLAH DATA INDUSTRI KIMIA, BAHAN BANGUNAN DAN KERAJINAN UMUM"
"1534","4103099","PENGOLAH DATA INDUSTRI LOGAM DAN ELEKTRONIKA"
"1535","4103100","PENGOLAH DATA INDUSTRI LOGAM, MESIN PEREKAYASA DAN ALAT ANGKUT"
"1536","4103101","PENGOLAH DATA INDUSTRI PANGAN, SANDANG DAN KULIT"
"1537","4103102","PENGOLAH DATA INDUSTRI TEKSTIL"
"1538","4103103","PENGOLAH DATA INFORMASI"
"1539","4103104","PENGOLAH DATA INFORMASI DEKORASI KOTA"
"1540","4103105","PENGOLAH DATA INFORMASI KETENAGAKERJAAN"
"1541","4103106","PENGOLAH DATA INFORMASI MASYARAKAT"
"1542","4103107","PENGOLAH DATA INFORMASI PADAT KARYA"
"1543","4103108","PENGOLAH DATA INFORMASI PERTAHANAN"
"1544","4103109","PENGOLAH DATA INFORMASI REKLAME DAN PJU"
"1545","4103110","PENGOLAH DATA INFORMASI, PUBLIKASI DAN PENYULUHAN"
"1546","4103111","PENGOLAH DATA INTENSITAS PENYEBARAN HAMA/PENYAKIT"
"1547","4103112","PENGOLAH DATA INVENTARIS"
"1548","4103113","PENGOLAH DATA INVENTARIS SARANA PENGAIRAN"
"1549","4103114","PENGOLAH DATA INVENTARISASI, TABULASI DAN STATISTIK PROGRAM KERJA"
"1550","4103115","PENGOLAH DATA JARINGAN TRANSPORTASI JALAN"
"1551","4103116","PENGOLAH DATA JENIS SARANA DAN AKOMODASI KEPARIWISATAAN"
"1552","4103117","PENGOLAH DATA KASUS-KASUS PERMASALAHAN KETENAGAKERJAAN"
"1553","4103118","PENGOLAH DATA KEBAHASAAN"
"1554","4103119","PENGOLAH DATA KEBERSIHAN PASAR"
"1555","4103120","PENGOLAH DATA KEBIJAKAN KELEMBAGAAN KOPERASI"
"1556","4103121","PENGOLAH DATA KEBUDAYAAN BERNILAI KEPARIWISATAAN"
"1557","4103122","PENGOLAH DATA KEBUTUHAN BARANG"
"1558","4103123","PENGOLAH DATA KEBUTUHAN BIBIT MINIMUM, IHK DAN HARGA BAHAN POKOK"
"1559","4103124","PENGOLAH DATA KEBUTUHAN BIBIT TANAMAN"
"1560","4103125","PENGOLAH DATA KEBUTUHAN LATIHAN"
"1561","4103126","PENGOLAH DATA KECELAKAAN LALU LINTAS"
"1562","4103127","PENGOLAH DATA KEGIATAN PEM. SARANA DAN PRASARANA PEMADAM KEBAKARAN"
"1563","4103128","PENGOLAH DATA KEGIATAN PENGENDALIAN DAN PENGOPERASIAN KUALITAS SUMBER AIR"
"1564","4103129","PENGOLAH DATA KEGIATAN PENYELENGGARAAN PPOD, HUKUM DAN ORGANISASI"
"1565","4103130","PENGOLAH DATA KEGIATAN PERANGKAT DAERAH DALAM KOORDINASI ASISTEN TATA PRAJA"
"1566","4103131","PENGOLAH DATA KEGIATAN PETUGASAN DAN PENGENDALIAN OPERASIONAL"
"1567","4103132","PENGOLAH DATA KEGIATAN PETUGASAN DAN PENGENDALIAN PEMBANGUNAN"
"1568","4103133","PENGOLAH DATA KEGIATAN PETUGASAN SOPIR DAN MONTIR"
"1569","4103134","PENGOLAH DATA KEGIATAN SURVEY DAN PERENCANAAN"
"1570","4103135","PENGOLAH DATA KELEMBAGAAN INSTRUKTUR DAN TENAGA PELATIHAN PROGRAM"
"1571","4103136","PENGOLAH DATA KELEMBAGAAN KERJASAMA KETENAGAKERJAAN"
"1572","4103137","PENGOLAH DATA KELENGKAPAN PERSYARATAN & PETUGAS PEMB. PENOMORAN/REG. PERMOHONAN PERIJINAN"
"1573","4103138","PENGOLAH DATA KELOMPOK KOMUNIKASI SOSIAL MASYARAKAT"
"1574","4103139","PENGOLAH DATA KEMAJELISAN DAN PENGKAJI KEMAJELISAN"
"1575","4103140","PENGOLAH DATA KENDARAAN"
"1576","4103141","PENGOLAH DATA KEPEGAWAIAN DAN KESEJAHTERAAN PEGAWAI"
"1577","4103142","PENGOLAH DATA KEPENGHUNIAN DAN PENGAWAS PEMANFAATAN PERUM DAN TANAH"
"1578","4103143","PENGOLAH DATA KERJASAMA PENGEMBANGAN SENI DAN BUDAYA"
"1579","4103144","PENGOLAH DATA KERJASAMA TEKNIK BILATERAL"
"1580","4103145","PENGOLAH DATA KERJASAMA TEKNIK MULTILATERAL"
"1581","4103146","PENGOLAH DATA KERJASAMA TEKNIK REGIONAL"
"1582","4103147","PENGOLAH DATA KERJASAMA USAHA INDUSTRI PENDAYAGUNAAN LUAR NEGERI"
"1583","4103148","PENGOLAH DATA KESEJAHTERAAN PEGAWAI"
"1584","4103149","PENGOLAH DATA KESENIAN BERNILAI KEPARIWISATAAN"
"1585","4103150","PENGOLAH DATA KETENAGAKERJAAN DAN PENGANGGURAN"
"1586","4103151","PENGOLAH DATA KETERTIBAN LALU LINTAS"
"1587","4103152","PENGOLAH DATA KETERTIBAN PASAR"
"1588","4103153","PENGOLAH DATA KEUANGAN"
"1589","4103154","PENGOLAH DATA KLASIFIKASI KOPERASI"
"1590","4103155","PENGOLAH DATA KONSTRUKSI"
"1591","4103156","PENGOLAH DATA LAHAN PERTANIAN"
"1592","4103157","PENGOLAH DATA LALU LINTAS DAGING"
"1593","4103158","PENGOLAH DATA LALU LINTAS HASIL PERIKANAN"
"1594","4103159","PENGOLAH DATA LALU LINTAS HEWAN DAN TERNAK"
"1595","4103160","PENGOLAH DATA LALU LINTAS KOMODITI TANAMAN PANGAN DAN HORTIKULTURA"
"1596","4103161","PENGOLAH DATA LAPORAN DAN EVALUASI DATA KEPENDUDUKAN"
"1597","4103162","PENGOLAH DATA LAYANAN INFORMASI"
"1598","4103163","PENGOLAH DATA LEMBAGA KOPERASI"
"1599","4103164","PENGOLAH DATA LEMBAGA LATIHAN SWASTA"
"1600","4103165","PENGOLAH DATA LEMBAGA PENGEMBANGAN PRODUKTIFITAS TENAGA KERJA"
"1601","4103166","PENGOLAH DATA LEMBAGA PENYELENGGARAAN POS DAN TELEKOMUNIKASI"
"1602","4103167","PENGOLAH DATA LINGKUNGAN HIDUP"
"1603","4103168","PENGOLAH DATA MANAJEMEN REKAYASA DAN LALU LINTAS"
"1604","4103169","PENGOLAH DATA MASALAH KESEJAHTERAAN SOSIAL DAN POTENSI KESOS"
"1605","4103170","PENGOLAH DATA MUTASI PENDUDUK"
"1606","4103171","PENGOLAH DATA NORMA KERJA UMUM"
"1607","4103172","PENGOLAH DATA NORMA KESELAMATAN KERJA"
"1608","4103173","PENGOLAH DATA OBYEK WISATA"
"1609","4103174","PENGOLAH DATA ORGANISASI"
"1610","4103175","PENGOLAH DATA PASANG SURUT"
"1611","4103176","PENGOLAH DATA PASKA PANEN HASIL PERTANIAN, TERNAK DAN PERIKANAN"
"1612","4103177","PENGOLAH DATA PEDAGANG KAKI LIMA"
"1613","4103178","PENGOLAH DATA PELANGGARAN KEPENDUDUKAN"
"1614","4103179","PENGOLAH DATA PELAYANAN INFORMASI KOTA"
"1615","4103180","PENGOLAH DATA PELEPASAN DAN RUISLAG TANAH/LAND PERUMAHAN"
"1616","4103181","PENGOLAH DATA PELESTARIAN SUMBER DAYA ALAM"
"1617","4103182","PENGOLAH DATA PEMAKAI PERUMAHAN DAN TANAH"
"1618","4103183","PENGOLAH DATA PEMAKAI TANAH PEMERINTAH"
"1619","4103184","PENGOLAH DATA PEMASARAN WISATA"
"1620","4103185","PENGOLAH DATA PEMBANGUNAN FISIK DAN NON FISIK"
"1621","4103186","PENGOLAH DATA PEMBANGUNAN POTENSI PELAJAR DAN OLAH RAGA"
"1622","4103187","PENGOLAH DATA PEMBELIAN"
"1623","4103188","PENGOLAH DATA PEMBERDAYAAN FASILITAS, KESEJAHTERAAN PEKERJA SEKTOR FORMAL"
"1624","4103189","PENGOLAH DATA PEMBERDAYAAN FASILITAS, KESEJAHTERAAN PEKERJA SEKTOR INFORMASI"
"1625","4103190","PENGOLAH DATA PEMBINAAN TEKNIK PENYEHATAN LINGKUNGAN PERUMAHAN"
"1626","4103191","PENGOLAH DATA PEMEGANG IJIN SEWA TANAH DAN RUMAH"
"1627","4103192","PENGOLAH DATA PEMELIHARAAN FASILITAS PASAR"
"1628","4103193","PENGOLAH DATA PEMODALAN DAN INVESTASI"
"1629","4103194","PENGOLAH DATA PENATAAN BATAS WILAYAH"
"1630","4103195","PENGOLAH DATA PENDAFTARAN PERUSAHAAN"
"1631","4103196","PENGOLAH DATA PENDAPATAN UMUM"
"1632","4103197","PENGOLAH DATA PENERIMAAN LAIN-LAIN DAERAH"
"1633","4103198","PENGOLAH DATA PENGADAAN DAN PENYALURAN HASIL PERDAGANGAN"
